DateTime, Sensor, Temperature (Celcius), Relative Humidity (%)
2017-08-19 00:00:11 +0800, SHT71, 30.029995, 66.685211
2017-08-19 00:00:42 +0800, SHT71, 30.049999, 66.719292
2017-08-19 00:01:12 +0800, SHT71, 30.039997, 66.717567
2017-08-19 00:01:42 +0800, SHT71, 30.039997, 66.748199
2017-08-19 00:02:13 +0800, SHT71, 30.029995, 66.777100
2017-08-19 00:02:43 +0800, SHT71, 30.039997, 66.778824
2017-08-19 00:03:13 +0800, SHT71, 30.039997, 66.809448
2017-08-19 00:03:44 +0800, SHT71, 30.049999, 66.841789
2017-08-19 00:04:14 +0800, SHT71, 30.060001, 66.874130
2017-08-19 00:04:44 +0800, SHT71, 30.049999, 66.903023
2017-08-19 00:05:14 +0800, SHT71, 30.049999, 66.933624
2017-08-19 00:05:45 +0800, SHT71, 30.049999, 66.933624
2017-08-19 00:06:15 +0800, SHT71, 30.049999, 66.933624
2017-08-19 00:06:45 +0800, SHT71, 30.060001, 66.935349
2017-08-19 00:07:16 +0800, SHT71, 30.060001, 66.965958
2017-08-19 00:07:46 +0800, SHT71, 30.039997, 66.993111
2017-08-19 00:08:16 +0800, SHT71, 30.049999, 66.964233
2017-08-19 00:08:47 +0800, SHT71, 30.049999, 66.872406
2017-08-19 00:09:17 +0800, SHT71, 30.060001, 66.965958
2017-08-19 00:09:47 +0800, SHT71, 30.079998, 67.030624
2017-08-19 00:10:18 +0800, SHT71, 30.060001, 67.027161
2017-08-19 00:10:48 +0800, SHT71, 30.069996, 67.028893
2017-08-19 00:11:18 +0800, SHT71, 30.060001, 66.996567
2017-08-19 00:11:48 +0800, SHT71, 30.069996, 67.028893
2017-08-19 00:12:19 +0800, SHT71, 30.069996, 67.028893
2017-08-19 00:12:49 +0800, SHT71, 30.069996, 67.028893
2017-08-19 00:13:19 +0800, SHT71, 30.069996, 67.059486
2017-08-19 00:13:50 +0800, SHT71, 30.060001, 67.088356
2017-08-19 00:14:20 +0800, SHT71, 30.069996, 67.120682
2017-08-19 00:14:50 +0800, SHT71, 30.079998, 67.122414
2017-08-19 00:15:21 +0800, SHT71, 30.079998, 67.152992
2017-08-19 00:15:51 +0800, SHT71, 30.079998, 67.152992
2017-08-19 00:16:21 +0800, SHT71, 30.079998, 67.183594
2017-08-19 00:16:51 +0800, SHT71, 30.069996, 67.181854
2017-08-19 00:17:22 +0800, SHT71, 30.069996, 67.212425
2017-08-19 00:17:52 +0800, SHT71, 30.079998, 67.214165
2017-08-19 00:18:22 +0800, SHT71, 30.079998, 67.214165
2017-08-19 00:18:53 +0800, SHT71, 30.079998, 67.244743
2017-08-19 00:19:23 +0800, SHT71, 30.079998, 67.244743
2017-08-19 00:19:53 +0800, SHT71, 30.069996, 67.273590
2017-08-19 00:20:24 +0800, SHT71, 30.079998, 67.275322
2017-08-19 00:20:54 +0800, SHT71, 30.079998, 67.275322
2017-08-19 00:21:24 +0800, SHT71, 30.079998, 67.275322
2017-08-19 00:21:54 +0800, SHT71, 30.069996, 67.273590
2017-08-19 00:22:25 +0800, SHT71, 30.069996, 67.273590
2017-08-19 00:22:55 +0800, SHT71, 30.090000, 67.277061
2017-08-19 00:23:25 +0800, SHT71, 30.079998, 67.305901
2017-08-19 00:23:56 +0800, SHT71, 30.079998, 67.275322
2017-08-19 00:24:26 +0800, SHT71, 30.079998, 67.305901
2017-08-19 00:24:56 +0800, SHT71, 30.090000, 67.307632
2017-08-19 00:25:27 +0800, SHT71, 30.090000, 67.307632
2017-08-19 00:25:57 +0800, SHT71, 30.079998, 67.305901
2017-08-19 00:26:27 +0800, SHT71, 30.090000, 67.307632
2017-08-19 00:26:57 +0800, SHT71, 30.090000, 67.338203
2017-08-19 00:27:28 +0800, SHT71, 30.079998, 67.336464
2017-08-19 00:27:58 +0800, SHT71, 30.090000, 67.338203
2017-08-19 00:28:28 +0800, SHT71, 30.069996, 67.395851
2017-08-19 00:28:59 +0800, SHT71, 30.079998, 67.397591
2017-08-19 00:29:29 +0800, SHT71, 30.090000, 67.399338
2017-08-19 00:29:59 +0800, SHT71, 30.090000, 67.429893
2017-08-19 00:30:30 +0800, SHT71, 30.090000, 67.399338
2017-08-19 00:31:00 +0800, SHT71, 30.090000, 67.429893
2017-08-19 00:31:30 +0800, SHT71, 30.090000, 67.429893
2017-08-19 00:32:01 +0800, SHT71, 30.079998, 67.489265
2017-08-19 00:32:31 +0800, SHT71, 30.090000, 67.491013
2017-08-19 00:33:01 +0800, SHT71, 30.090000, 67.399338
2017-08-19 00:33:31 +0800, SHT71, 30.079998, 67.458717
2017-08-19 00:34:02 +0800, SHT71, 30.100002, 67.462204
2017-08-19 00:34:32 +0800, SHT71, 30.100002, 67.492752
2017-08-19 00:35:02 +0800, SHT71, 30.100002, 67.492752
2017-08-19 00:35:33 +0800, SHT71, 30.100002, 67.492752
2017-08-19 00:36:03 +0800, SHT71, 30.109997, 67.525040
2017-08-19 00:36:33 +0800, SHT71, 30.109997, 67.555603
2017-08-19 00:37:04 +0800, SHT71, 30.109997, 67.555603
2017-08-19 00:37:34 +0800, SHT71, 30.119999, 67.496239
2017-08-19 00:38:04 +0800, SHT71, 30.100002, 67.523300
2017-08-19 00:38:34 +0800, SHT71, 30.109997, 67.555603
2017-08-19 00:39:05 +0800, SHT71, 30.109997, 67.555603
2017-08-19 00:39:35 +0800, SHT71, 30.119999, 67.587883
2017-08-19 00:40:05 +0800, SHT71, 30.119999, 67.557350
2017-08-19 00:40:36 +0800, SHT71, 30.119999, 67.557350
2017-08-19 00:41:06 +0800, SHT71, 30.109997, 67.586136
2017-08-19 00:41:36 +0800, SHT71, 30.119999, 67.587883
2017-08-19 00:42:07 +0800, SHT71, 30.119999, 67.618431
2017-08-19 00:42:37 +0800, SHT71, 30.109997, 67.647232
2017-08-19 00:43:07 +0800, SHT71, 30.109997, 67.647232
2017-08-19 00:43:37 +0800, SHT71, 30.119999, 67.679512
2017-08-19 00:44:08 +0800, SHT71, 30.109997, 67.708298
2017-08-19 00:44:38 +0800, SHT71, 30.119999, 67.740585
2017-08-19 00:45:08 +0800, SHT71, 30.109997, 67.769356
2017-08-19 00:45:39 +0800, SHT71, 30.119999, 67.801628
2017-08-19 00:46:09 +0800, SHT71, 30.119999, 67.832153
2017-08-19 00:46:39 +0800, SHT71, 30.119999, 67.801628
2017-08-19 00:47:10 +0800, SHT71, 30.109997, 67.830399
2017-08-19 00:47:40 +0800, SHT71, 30.109997, 67.891434
2017-08-19 00:48:10 +0800, SHT71, 30.119999, 67.923698
2017-08-19 00:48:40 +0800, SHT71, 30.130001, 67.925453
2017-08-19 00:49:11 +0800, SHT71, 30.109997, 67.952446
2017-08-19 00:49:41 +0800, SHT71, 30.130001, 67.925453
2017-08-19 00:50:11 +0800, SHT71, 30.119999, 67.923698
2017-08-19 00:50:42 +0800, SHT71, 30.139996, 67.988228
2017-08-19 00:51:12 +0800, SHT71, 30.139996, 67.988228
2017-08-19 00:51:42 +0800, SHT71, 30.130001, 68.047470
2017-08-19 00:52:13 +0800, SHT71, 30.130001, 68.047470
2017-08-19 00:52:43 +0800, SHT71, 30.119999, 68.045715
2017-08-19 00:53:13 +0800, SHT71, 30.130001, 68.047470
2017-08-19 00:53:43 +0800, SHT71, 30.139996, 68.110222
2017-08-19 00:54:14 +0800, SHT71, 30.139996, 68.079727
2017-08-19 00:54:44 +0800, SHT71, 30.139996, 68.049225
2017-08-19 00:55:14 +0800, SHT71, 30.149998, 68.111984
2017-08-19 00:55:45 +0800, SHT71, 30.139996, 68.140717
2017-08-19 00:56:15 +0800, SHT71, 30.149998, 68.172974
2017-08-19 00:56:45 +0800, SHT71, 30.130001, 68.169449
2017-08-19 00:57:16 +0800, SHT71, 30.160000, 68.174728
2017-08-19 00:57:46 +0800, SHT71, 30.139996, 68.201691
2017-08-19 00:58:16 +0800, SHT71, 30.149998, 68.203453
2017-08-19 00:58:46 +0800, SHT71, 30.139996, 68.232170
2017-08-19 00:59:17 +0800, SHT71, 30.149998, 68.233932
2017-08-19 00:59:47 +0800, SHT71, 30.139996, 68.232170
2017-08-19 01:00:17 +0800, SHT71, 30.149998, 68.294891
2017-08-19 01:00:48 +0800, SHT71, 30.149998, 68.294891
2017-08-19 01:01:18 +0800, SHT71, 30.149998, 68.325363
2017-08-19 01:01:48 +0800, SHT71, 30.139996, 68.323593
2017-08-19 01:02:19 +0800, SHT71, 30.149998, 68.355835
2017-08-19 01:02:49 +0800, SHT71, 30.139996, 68.354065
2017-08-19 01:03:19 +0800, SHT71, 30.160000, 68.327126
2017-08-19 01:03:50 +0800, SHT71, 30.149998, 68.386299
2017-08-19 01:04:20 +0800, SHT71, 30.160000, 68.388062
2017-08-19 01:04:50 +0800, SHT71, 30.149998, 68.447227
2017-08-19 01:05:20 +0800, SHT71, 30.149998, 68.477684
2017-08-19 01:05:51 +0800, SHT71, 30.149998, 68.477684
2017-08-19 01:06:21 +0800, SHT71, 30.160000, 68.509903
2017-08-19 01:06:51 +0800, SHT71, 30.160000, 68.509903
2017-08-19 01:07:22 +0800, SHT71, 30.149998, 68.416763
2017-08-19 01:07:52 +0800, SHT71, 30.149998, 68.508133
2017-08-19 01:08:22 +0800, SHT71, 30.160000, 68.509903
2017-08-19 01:08:53 +0800, SHT71, 30.149998, 68.538589
2017-08-19 01:09:23 +0800, SHT71, 30.160000, 68.570801
2017-08-19 01:09:53 +0800, SHT71, 30.160000, 68.601242
2017-08-19 01:10:23 +0800, SHT71, 30.149998, 68.599472
2017-08-19 01:10:54 +0800, SHT71, 30.160000, 68.601242
2017-08-19 01:11:24 +0800, SHT71, 30.149998, 68.599472
2017-08-19 01:11:54 +0800, SHT71, 30.149998, 68.660355
2017-08-19 01:12:25 +0800, SHT71, 30.160000, 68.631691
2017-08-19 01:12:55 +0800, SHT71, 30.160000, 68.662125
2017-08-19 01:13:25 +0800, SHT71, 30.160000, 68.631691
2017-08-19 01:13:56 +0800, SHT71, 30.160000, 68.692558
2017-08-19 01:14:26 +0800, SHT71, 30.170002, 68.724770
2017-08-19 01:14:56 +0800, SHT71, 30.160000, 68.722992
2017-08-19 01:15:26 +0800, SHT71, 30.160000, 68.692558
2017-08-19 01:15:57 +0800, SHT71, 30.160000, 68.722992
2017-08-19 01:16:27 +0800, SHT71, 30.160000, 68.753426
2017-08-19 01:16:57 +0800, SHT71, 30.170002, 68.755203
2017-08-19 01:17:28 +0800, SHT71, 30.179996, 68.787399
2017-08-19 01:17:58 +0800, SHT71, 30.170002, 68.816055
2017-08-19 01:18:28 +0800, SHT71, 30.170002, 68.755203
2017-08-19 01:18:59 +0800, SHT71, 30.160000, 68.783852
2017-08-19 01:19:29 +0800, SHT71, 30.160000, 68.753426
2017-08-19 01:19:59 +0800, SHT71, 30.170002, 68.816055
2017-08-19 01:20:29 +0800, SHT71, 30.170002, 68.785629
2017-08-19 01:21:00 +0800, SHT71, 30.170002, 68.846474
2017-08-19 01:21:30 +0800, SHT71, 30.160000, 68.844696
2017-08-19 01:22:00 +0800, SHT71, 30.179996, 68.848251
2017-08-19 01:22:31 +0800, SHT71, 30.179996, 68.848251
2017-08-19 01:23:01 +0800, SHT71, 30.170002, 68.846474
2017-08-19 01:23:31 +0800, SHT71, 30.179996, 68.909088
2017-08-19 01:24:02 +0800, SHT71, 30.179996, 68.909088
2017-08-19 01:24:32 +0800, SHT71, 30.170002, 68.907303
2017-08-19 01:25:02 +0800, SHT71, 30.170002, 68.907303
2017-08-19 01:25:32 +0800, SHT71, 30.179996, 68.939499
2017-08-19 01:26:03 +0800, SHT71, 30.170002, 68.968124
2017-08-19 01:26:33 +0800, SHT71, 30.179996, 68.969902
2017-08-19 01:27:03 +0800, SHT71, 30.170002, 68.968124
2017-08-19 01:27:34 +0800, SHT71, 30.179996, 68.969902
2017-08-19 01:28:04 +0800, SHT71, 30.179996, 69.000305
2017-08-19 01:28:34 +0800, SHT71, 30.189999, 69.002090
2017-08-19 01:29:05 +0800, SHT71, 30.179996, 69.030708
2017-08-19 01:29:35 +0800, SHT71, 30.189999, 69.002090
2017-08-19 01:30:05 +0800, SHT71, 30.189999, 69.002090
2017-08-19 01:30:35 +0800, SHT71, 30.179996, 69.030708
2017-08-19 01:31:06 +0800, SHT71, 30.179996, 69.061111
2017-08-19 01:31:36 +0800, SHT71, 30.179996, 69.061111
2017-08-19 01:32:06 +0800, SHT71, 30.179996, 69.061111
2017-08-19 01:32:37 +0800, SHT71, 30.189999, 69.062897
2017-08-19 01:33:07 +0800, SHT71, 30.189999, 69.062897
2017-08-19 01:33:37 +0800, SHT71, 30.189999, 69.093292
2017-08-19 01:34:08 +0800, SHT71, 30.200001, 69.095078
2017-08-19 01:34:38 +0800, SHT71, 30.209995, 69.096863
2017-08-19 01:35:08 +0800, SHT71, 30.200001, 69.125473
2017-08-19 01:35:39 +0800, SHT71, 30.209995, 69.127258
2017-08-19 01:36:09 +0800, SHT71, 30.200001, 69.155861
2017-08-19 01:36:39 +0800, SHT71, 30.200001, 69.155861
2017-08-19 01:37:09 +0800, SHT71, 30.200001, 69.155861
2017-08-19 01:37:40 +0800, SHT71, 30.209995, 69.157646
2017-08-19 01:38:10 +0800, SHT71, 30.200001, 69.186249
2017-08-19 01:38:40 +0800, SHT71, 30.209995, 69.188034
2017-08-19 01:39:11 +0800, SHT71, 30.209995, 69.188034
2017-08-19 01:39:41 +0800, SHT71, 30.200001, 69.247017
2017-08-19 01:40:11 +0800, SHT71, 30.200001, 69.247017
2017-08-19 01:40:42 +0800, SHT71, 30.209995, 69.248802
2017-08-19 01:41:12 +0800, SHT71, 30.200001, 69.247017
2017-08-19 01:41:42 +0800, SHT71, 30.209995, 69.248802
2017-08-19 01:42:12 +0800, SHT71, 30.200001, 69.277397
2017-08-19 01:42:43 +0800, SHT71, 30.209995, 69.309563
2017-08-19 01:43:13 +0800, SHT71, 30.209995, 69.309563
2017-08-19 01:43:43 +0800, SHT71, 30.200001, 69.338150
2017-08-19 01:44:14 +0800, SHT71, 30.200001, 69.368507
2017-08-19 01:44:44 +0800, SHT71, 30.200001, 69.368507
2017-08-19 01:45:14 +0800, SHT71, 30.200001, 69.368507
2017-08-19 01:45:45 +0800, SHT71, 30.209995, 69.370300
2017-08-19 01:46:15 +0800, SHT71, 30.219997, 69.402458
2017-08-19 01:46:45 +0800, SHT71, 30.209995, 69.400665
2017-08-19 01:47:15 +0800, SHT71, 30.209995, 69.400665
2017-08-19 01:47:46 +0800, SHT71, 30.219997, 69.402458
2017-08-19 01:48:16 +0800, SHT71, 30.200001, 69.398872
2017-08-19 01:48:46 +0800, SHT71, 30.200001, 69.398872
2017-08-19 01:49:17 +0800, SHT71, 30.200001, 69.429237
2017-08-19 01:49:47 +0800, SHT71, 30.189999, 69.397079
2017-08-19 01:50:17 +0800, SHT71, 30.200001, 69.429237
2017-08-19 01:50:48 +0800, SHT71, 30.200001, 69.459595
2017-08-19 01:51:18 +0800, SHT71, 30.200001, 69.459595
2017-08-19 01:51:48 +0800, SHT71, 30.200001, 69.459595
2017-08-19 01:52:18 +0800, SHT71, 30.209995, 69.491737
2017-08-19 01:52:49 +0800, SHT71, 30.209995, 69.522102
2017-08-19 01:53:19 +0800, SHT71, 30.209995, 69.522102
2017-08-19 01:53:49 +0800, SHT71, 30.219997, 69.554245
2017-08-19 01:54:20 +0800, SHT71, 30.209995, 69.522102
2017-08-19 01:54:50 +0800, SHT71, 30.219997, 69.523903
2017-08-19 01:55:20 +0800, SHT71, 30.219997, 69.523903
2017-08-19 01:55:51 +0800, SHT71, 30.219997, 69.554245
2017-08-19 01:56:21 +0800, SHT71, 30.219997, 69.554245
2017-08-19 01:56:51 +0800, SHT71, 30.219997, 69.584595
2017-08-19 01:57:21 +0800, SHT71, 30.219997, 69.584595
2017-08-19 01:57:52 +0800, SHT71, 30.200001, 69.611343
2017-08-19 01:58:22 +0800, SHT71, 30.230000, 69.616737
2017-08-19 01:58:52 +0800, SHT71, 30.230000, 69.647079
2017-08-19 01:59:23 +0800, SHT71, 30.219997, 69.645279
2017-08-19 01:59:53 +0800, SHT71, 30.219997, 69.645279
2017-08-19 02:00:23 +0800, SHT71, 30.209995, 69.673813
2017-08-19 02:00:54 +0800, SHT71, 30.219997, 69.675613
2017-08-19 02:01:24 +0800, SHT71, 30.219997, 69.705956
2017-08-19 02:01:54 +0800, SHT71, 30.219997, 69.705956
2017-08-19 02:02:25 +0800, SHT71, 30.219997, 69.705956
2017-08-19 02:02:55 +0800, SHT71, 30.209995, 69.704155
2017-08-19 02:03:25 +0800, SHT71, 30.230000, 69.738091
2017-08-19 02:03:55 +0800, SHT71, 30.219997, 69.766609
2017-08-19 02:04:26 +0800, SHT71, 30.230000, 69.798752
2017-08-19 02:04:56 +0800, SHT71, 30.219997, 69.766609
2017-08-19 02:05:26 +0800, SHT71, 30.219997, 69.766609
2017-08-19 02:05:57 +0800, SHT71, 30.219997, 69.766609
2017-08-19 02:06:27 +0800, SHT71, 30.219997, 69.766609
2017-08-19 02:06:57 +0800, SHT71, 30.219997, 69.796944
2017-08-19 02:07:28 +0800, SHT71, 30.230000, 69.829063
2017-08-19 02:07:58 +0800, SHT71, 30.230000, 69.829063
2017-08-19 02:08:28 +0800, SHT71, 30.219997, 69.827263
2017-08-19 02:08:58 +0800, SHT71, 30.230000, 69.829063
2017-08-19 02:09:29 +0800, SHT71, 30.219997, 69.796944
2017-08-19 02:09:59 +0800, SHT71, 30.219997, 69.827263
2017-08-19 02:10:29 +0800, SHT71, 30.230000, 69.859383
2017-08-19 02:11:00 +0800, SHT71, 30.230000, 69.859383
2017-08-19 02:11:30 +0800, SHT71, 30.219997, 69.857582
2017-08-19 02:12:00 +0800, SHT71, 30.230000, 69.859383
2017-08-19 02:12:31 +0800, SHT71, 30.230000, 69.859383
2017-08-19 02:13:01 +0800, SHT71, 30.219997, 69.887894
2017-08-19 02:13:31 +0800, SHT71, 30.230000, 69.920021
2017-08-19 02:14:01 +0800, SHT71, 30.230000, 69.920021
2017-08-19 02:14:32 +0800, SHT71, 30.230000, 69.920021
2017-08-19 02:15:02 +0800, SHT71, 30.230000, 69.889702
2017-08-19 02:15:32 +0800, SHT71, 30.240002, 69.921829
2017-08-19 02:16:03 +0800, SHT71, 30.240002, 69.921829
2017-08-19 02:16:33 +0800, SHT71, 30.240002, 69.921829
2017-08-19 02:17:03 +0800, SHT71, 30.240002, 69.952133
2017-08-19 02:17:34 +0800, SHT71, 30.240002, 69.952133
2017-08-19 02:18:04 +0800, SHT71, 30.230000, 69.980637
2017-08-19 02:18:34 +0800, SHT71, 30.240002, 69.982445
2017-08-19 02:19:04 +0800, SHT71, 30.230000, 70.010933
2017-08-19 02:19:35 +0800, SHT71, 30.230000, 69.980637
2017-08-19 02:20:05 +0800, SHT71, 30.230000, 69.980637
2017-08-19 02:20:35 +0800, SHT71, 30.240002, 70.012749
2017-08-19 02:21:06 +0800, SHT71, 30.230000, 69.980637
2017-08-19 02:21:36 +0800, SHT71, 30.240002, 70.012749
2017-08-19 02:22:06 +0800, SHT71, 30.240002, 70.043045
2017-08-19 02:22:37 +0800, SHT71, 30.240002, 70.012749
2017-08-19 02:23:07 +0800, SHT71, 30.249996, 70.014557
2017-08-19 02:23:37 +0800, SHT71, 30.240002, 70.043045
2017-08-19 02:24:07 +0800, SHT71, 30.230000, 70.071541
2017-08-19 02:24:38 +0800, SHT71, 30.240002, 70.103638
2017-08-19 02:25:08 +0800, SHT71, 30.249996, 70.105453
2017-08-19 02:25:38 +0800, SHT71, 30.249996, 70.105453
2017-08-19 02:26:09 +0800, SHT71, 30.240002, 70.103638
2017-08-19 02:26:39 +0800, SHT71, 30.249996, 70.135742
2017-08-19 02:27:09 +0800, SHT71, 30.240002, 70.133926
2017-08-19 02:27:40 +0800, SHT71, 30.240002, 70.133926
2017-08-19 02:28:10 +0800, SHT71, 30.240002, 70.133926
2017-08-19 02:28:40 +0800, SHT71, 30.240002, 70.194511
2017-08-19 02:29:10 +0800, SHT71, 30.240002, 70.194511
2017-08-19 02:29:41 +0800, SHT71, 30.249996, 70.226608
2017-08-19 02:30:11 +0800, SHT71, 30.259998, 70.198143
2017-08-19 02:30:41 +0800, SHT71, 30.259998, 70.198143
2017-08-19 02:31:12 +0800, SHT71, 30.259998, 70.228424
2017-08-19 02:31:42 +0800, SHT71, 30.249996, 70.256889
2017-08-19 02:32:12 +0800, SHT71, 30.249996, 70.256889
2017-08-19 02:32:43 +0800, SHT71, 30.249996, 70.287163
2017-08-19 02:33:13 +0800, SHT71, 30.259998, 70.288979
2017-08-19 02:33:43 +0800, SHT71, 30.259998, 70.288979
2017-08-19 02:34:14 +0800, SHT71, 30.249996, 70.287163
2017-08-19 02:34:44 +0800, SHT71, 30.259998, 70.319260
2017-08-19 02:35:14 +0800, SHT71, 30.259998, 70.319260
2017-08-19 02:35:44 +0800, SHT71, 30.249996, 70.317444
2017-08-19 02:36:15 +0800, SHT71, 30.240002, 70.315628
2017-08-19 02:36:45 +0800, SHT71, 30.249996, 70.317444
2017-08-19 02:37:15 +0800, SHT71, 30.249996, 70.347710
2017-08-19 02:37:46 +0800, SHT71, 30.249996, 70.347710
2017-08-19 02:38:16 +0800, SHT71, 30.249996, 70.377975
2017-08-19 02:38:46 +0800, SHT71, 30.240002, 70.376160
2017-08-19 02:39:17 +0800, SHT71, 30.249996, 70.377975
2017-08-19 02:39:47 +0800, SHT71, 30.240002, 70.406425
2017-08-19 02:40:17 +0800, SHT71, 30.259998, 70.410065
2017-08-19 02:40:47 +0800, SHT71, 30.259998, 70.410065
2017-08-19 02:41:18 +0800, SHT71, 30.249996, 70.408241
2017-08-19 02:41:48 +0800, SHT71, 30.249996, 70.408241
2017-08-19 02:42:18 +0800, SHT71, 30.249996, 70.408241
2017-08-19 02:42:49 +0800, SHT71, 30.259998, 70.440323
2017-08-19 02:43:19 +0800, SHT71, 30.249996, 70.438499
2017-08-19 02:43:49 +0800, SHT71, 30.249996, 70.438499
2017-08-19 02:44:20 +0800, SHT71, 30.259998, 70.440323
2017-08-19 02:44:50 +0800, SHT71, 30.259998, 70.470573
2017-08-19 02:45:20 +0800, SHT71, 30.259998, 70.470573
2017-08-19 02:45:50 +0800, SHT71, 30.240002, 70.466934
2017-08-19 02:46:21 +0800, SHT71, 30.249996, 70.468750
2017-08-19 02:46:51 +0800, SHT71, 30.259998, 70.470573
2017-08-19 02:47:21 +0800, SHT71, 30.249996, 70.468750
2017-08-19 02:47:52 +0800, SHT71, 30.249996, 70.499016
2017-08-19 02:48:22 +0800, SHT71, 30.249996, 70.499016
2017-08-19 02:48:52 +0800, SHT71, 30.249996, 70.529259
2017-08-19 02:49:23 +0800, SHT71, 30.259998, 70.531082
2017-08-19 02:49:53 +0800, SHT71, 30.249996, 70.499016
2017-08-19 02:50:23 +0800, SHT71, 30.249996, 70.529259
2017-08-19 02:50:53 +0800, SHT71, 30.249996, 70.559509
2017-08-19 02:51:24 +0800, SHT71, 30.249996, 70.559509
2017-08-19 02:51:54 +0800, SHT71, 30.240002, 70.557693
2017-08-19 02:52:24 +0800, SHT71, 30.240002, 70.557693
2017-08-19 02:52:55 +0800, SHT71, 30.249996, 70.559509
2017-08-19 02:53:25 +0800, SHT71, 30.249996, 70.559509
2017-08-19 02:53:55 +0800, SHT71, 30.240002, 70.587944
2017-08-19 02:54:26 +0800, SHT71, 30.249996, 70.589760
2017-08-19 02:54:56 +0800, SHT71, 30.249996, 70.589760
2017-08-19 02:55:26 +0800, SHT71, 30.249996, 70.589760
2017-08-19 02:55:56 +0800, SHT71, 30.249996, 70.589760
2017-08-19 02:56:27 +0800, SHT71, 30.249996, 70.620003
2017-08-19 02:56:57 +0800, SHT71, 30.259998, 70.621826
2017-08-19 02:57:27 +0800, SHT71, 30.249996, 70.620003
2017-08-19 02:57:58 +0800, SHT71, 30.249996, 70.620003
2017-08-19 02:58:28 +0800, SHT71, 30.259998, 70.652061
2017-08-19 02:58:58 +0800, SHT71, 30.259998, 70.652061
2017-08-19 02:59:29 +0800, SHT71, 30.249996, 70.680481
2017-08-19 02:59:59 +0800, SHT71, 30.249996, 70.680481
2017-08-19 03:00:29 +0800, SHT71, 30.259998, 70.682304
2017-08-19 03:01:00 +0800, SHT71, 30.249996, 70.680481
2017-08-19 03:01:30 +0800, SHT71, 30.249996, 70.680481
2017-08-19 03:02:00 +0800, SHT71, 30.259998, 70.652061
2017-08-19 03:02:30 +0800, SHT71, 30.259998, 70.682304
2017-08-19 03:03:01 +0800, SHT71, 30.259998, 70.682304
2017-08-19 03:03:31 +0800, SHT71, 30.259998, 70.682304
2017-08-19 03:04:01 +0800, SHT71, 30.240002, 70.708878
2017-08-19 03:04:32 +0800, SHT71, 30.270000, 70.714363
2017-08-19 03:05:02 +0800, SHT71, 30.249996, 70.710709
2017-08-19 03:05:32 +0800, SHT71, 30.259998, 70.712532
2017-08-19 03:06:03 +0800, SHT71, 30.259998, 70.712532
2017-08-19 03:06:33 +0800, SHT71, 30.259998, 70.742760
2017-08-19 03:07:03 +0800, SHT71, 30.249996, 70.740936
2017-08-19 03:07:33 +0800, SHT71, 30.259998, 70.772995
2017-08-19 03:08:04 +0800, SHT71, 30.259998, 70.772995
2017-08-19 03:08:34 +0800, SHT71, 30.249996, 70.771164
2017-08-19 03:09:04 +0800, SHT71, 30.249996, 70.771164
2017-08-19 03:09:35 +0800, SHT71, 30.249996, 70.771164
2017-08-19 03:10:05 +0800, SHT71, 30.249996, 70.771164
2017-08-19 03:10:35 +0800, SHT71, 30.259998, 70.772995
2017-08-19 03:11:06 +0800, SHT71, 30.259998, 70.772995
2017-08-19 03:11:36 +0800, SHT71, 30.259998, 70.803215
2017-08-19 03:12:06 +0800, SHT71, 30.259998, 70.803215
2017-08-19 03:12:36 +0800, SHT71, 30.249996, 70.801384
2017-08-19 03:13:07 +0800, SHT71, 30.270000, 70.805046
2017-08-19 03:13:37 +0800, SHT71, 30.259998, 70.803215
2017-08-19 03:14:07 +0800, SHT71, 30.259998, 70.803215
2017-08-19 03:14:38 +0800, SHT71, 30.259998, 70.803215
2017-08-19 03:15:08 +0800, SHT71, 30.249996, 70.801384
2017-08-19 03:15:38 +0800, SHT71, 30.259998, 70.833435
2017-08-19 03:16:09 +0800, SHT71, 30.259998, 70.833435
2017-08-19 03:16:39 +0800, SHT71, 30.259998, 70.833435
2017-08-19 03:17:09 +0800, SHT71, 30.259998, 70.863655
2017-08-19 03:17:39 +0800, SHT71, 30.259998, 70.863655
2017-08-19 03:18:10 +0800, SHT71, 30.249996, 70.861824
2017-08-19 03:18:40 +0800, SHT71, 30.259998, 70.863655
2017-08-19 03:19:10 +0800, SHT71, 30.259998, 70.893860
2017-08-19 03:19:41 +0800, SHT71, 30.249996, 70.892029
2017-08-19 03:20:11 +0800, SHT71, 30.259998, 70.893860
2017-08-19 03:20:41 +0800, SHT71, 30.270000, 70.865486
2017-08-19 03:21:12 +0800, SHT71, 30.279995, 70.897522
2017-08-19 03:21:42 +0800, SHT71, 30.279995, 70.897522
2017-08-19 03:22:12 +0800, SHT71, 30.270000, 70.925911
2017-08-19 03:22:42 +0800, SHT71, 30.279995, 70.927742
2017-08-19 03:23:13 +0800, SHT71, 30.279995, 70.957947
2017-08-19 03:23:43 +0800, SHT71, 30.270000, 70.956116
2017-08-19 03:24:13 +0800, SHT71, 30.259998, 70.984489
2017-08-19 03:24:44 +0800, SHT71, 30.259998, 70.984489
2017-08-19 03:25:14 +0800, SHT71, 30.259998, 71.014687
2017-08-19 03:25:44 +0800, SHT71, 30.249996, 71.012848
2017-08-19 03:26:15 +0800, SHT71, 30.259998, 71.014687
2017-08-19 03:26:45 +0800, SHT71, 30.259998, 71.014687
2017-08-19 03:27:15 +0800, SHT71, 30.259998, 71.044884
2017-08-19 03:27:46 +0800, SHT71, 30.249996, 71.043045
2017-08-19 03:28:16 +0800, SHT71, 30.259998, 71.075081
2017-08-19 03:28:46 +0800, SHT71, 30.259998, 71.075081
2017-08-19 03:29:16 +0800, SHT71, 30.259998, 71.075081
2017-08-19 03:29:47 +0800, SHT71, 30.270000, 71.107101
2017-08-19 03:30:17 +0800, SHT71, 30.270000, 71.137299
2017-08-19 03:30:47 +0800, SHT71, 30.270000, 71.137299
2017-08-19 03:31:18 +0800, SHT71, 30.259998, 71.135460
2017-08-19 03:31:48 +0800, SHT71, 30.259998, 71.165649
2017-08-19 03:32:18 +0800, SHT71, 30.270000, 71.197662
2017-08-19 03:32:49 +0800, SHT71, 30.259998, 71.165649
2017-08-19 03:33:19 +0800, SHT71, 30.249996, 71.193977
2017-08-19 03:33:49 +0800, SHT71, 30.249996, 71.193977
2017-08-19 03:34:19 +0800, SHT71, 30.249996, 71.193977
2017-08-19 03:34:50 +0800, SHT71, 30.259998, 71.195824
2017-08-19 03:35:20 +0800, SHT71, 30.259998, 71.195824
2017-08-19 03:35:50 +0800, SHT71, 30.270000, 71.197662
2017-08-19 03:36:21 +0800, SHT71, 30.259998, 71.195824
2017-08-19 03:36:51 +0800, SHT71, 30.249996, 71.193977
2017-08-19 03:37:21 +0800, SHT71, 30.259998, 71.195824
2017-08-19 03:37:52 +0800, SHT71, 30.249996, 71.224167
2017-08-19 03:38:22 +0800, SHT71, 30.270000, 71.227844
2017-08-19 03:38:52 +0800, SHT71, 30.259998, 71.256180
2017-08-19 03:39:22 +0800, SHT71, 30.259998, 71.286346
2017-08-19 03:39:53 +0800, SHT71, 30.259998, 71.286346
2017-08-19 03:40:23 +0800, SHT71, 30.259998, 71.286346
2017-08-19 03:40:53 +0800, SHT71, 30.259998, 71.316521
2017-08-19 03:41:24 +0800, SHT71, 30.270000, 71.318367
2017-08-19 03:41:54 +0800, SHT71, 30.270000, 71.348534
2017-08-19 03:42:24 +0800, SHT71, 30.259998, 71.316521
2017-08-19 03:42:55 +0800, SHT71, 30.249996, 71.284508
2017-08-19 03:43:25 +0800, SHT71, 30.249996, 71.314682
2017-08-19 03:43:55 +0800, SHT71, 30.259998, 71.256180
2017-08-19 03:44:25 +0800, SHT71, 30.259998, 71.316521
2017-08-19 03:44:56 +0800, SHT71, 30.259998, 71.316521
2017-08-19 03:45:26 +0800, SHT71, 30.259998, 71.316521
2017-08-19 03:45:56 +0800, SHT71, 30.259998, 71.316521
2017-08-19 03:46:27 +0800, SHT71, 30.270000, 71.318367
2017-08-19 03:46:57 +0800, SHT71, 30.259998, 71.346687
2017-08-19 03:47:27 +0800, SHT71, 30.249996, 71.375015
2017-08-19 03:47:58 +0800, SHT71, 30.259998, 71.437164
2017-08-19 03:48:28 +0800, SHT71, 30.249996, 71.525764
2017-08-19 03:48:58 +0800, SHT71, 30.259998, 71.557770
2017-08-19 03:49:28 +0800, SHT71, 30.249996, 71.465477
2017-08-19 03:49:59 +0800, SHT71, 30.259998, 71.437164
2017-08-19 03:50:29 +0800, SHT71, 30.259998, 71.437164
2017-08-19 03:50:59 +0800, SHT71, 30.259998, 71.407013
2017-08-19 03:51:30 +0800, SHT71, 30.259998, 71.407013
2017-08-19 03:52:00 +0800, SHT71, 30.259998, 71.407013
2017-08-19 03:52:30 +0800, SHT71, 30.259998, 71.376862
2017-08-19 03:53:01 +0800, SHT71, 30.270000, 71.378700
2017-08-19 03:53:31 +0800, SHT71, 30.259998, 71.407013
2017-08-19 03:54:01 +0800, SHT71, 30.259998, 71.376862
2017-08-19 03:54:31 +0800, SHT71, 30.270000, 71.348534
2017-08-19 03:55:02 +0800, SHT71, 30.289997, 71.382393
2017-08-19 03:55:32 +0800, SHT71, 30.270000, 71.378700
2017-08-19 03:56:02 +0800, SHT71, 30.270000, 71.408859
2017-08-19 03:56:33 +0800, SHT71, 30.270000, 71.378700
2017-08-19 03:57:03 +0800, SHT71, 30.270000, 71.408859
2017-08-19 03:57:33 +0800, SHT71, 30.259998, 71.407013
2017-08-19 03:58:04 +0800, SHT71, 30.279995, 71.410706
2017-08-19 03:58:34 +0800, SHT71, 30.270000, 71.439011
2017-08-19 03:59:04 +0800, SHT71, 30.270000, 71.439011
2017-08-19 03:59:35 +0800, SHT71, 30.270000, 71.439011
2017-08-19 04:00:05 +0800, SHT71, 30.270000, 71.439011
2017-08-19 04:00:35 +0800, SHT71, 30.270000, 71.408859
2017-08-19 04:01:05 +0800, SHT71, 30.270000, 71.378700
2017-08-19 04:01:36 +0800, SHT71, 30.270000, 71.288193
2017-08-19 04:02:06 +0800, SHT71, 30.270000, 71.439011
2017-08-19 04:02:36 +0800, SHT71, 30.200001, 71.757553
2017-08-19 04:03:07 +0800, SHT71, 30.179996, 72.054802
2017-08-19 04:03:37 +0800, SHT71, 30.139996, 72.317932
2017-08-19 04:04:07 +0800, SHT71, 30.119999, 72.344238
2017-08-19 04:04:38 +0800, SHT71, 30.100002, 72.640762
2017-08-19 04:05:08 +0800, SHT71, 30.100002, 72.700783
2017-08-19 04:05:38 +0800, SHT71, 30.109997, 72.732666
2017-08-19 04:06:08 +0800, SHT71, 30.109997, 72.672661
2017-08-19 04:06:39 +0800, SHT71, 30.109997, 72.702667
2017-08-19 04:07:09 +0800, SHT71, 30.109997, 72.732666
2017-08-19 04:07:39 +0800, SHT71, 30.100002, 72.700783
2017-08-19 04:08:10 +0800, SHT71, 30.109997, 72.792664
2017-08-19 04:08:40 +0800, SHT71, 30.100002, 72.910736
2017-08-19 04:09:10 +0800, SHT71, 30.100002, 72.970703
2017-08-19 04:09:41 +0800, SHT71, 30.100002, 72.940720
2017-08-19 04:10:11 +0800, SHT71, 30.100002, 73.060608
2017-08-19 04:10:41 +0800, SHT71, 30.100002, 73.060608
2017-08-19 04:11:11 +0800, SHT71, 30.109997, 73.002563
2017-08-19 04:11:42 +0800, SHT71, 30.100002, 73.090576
2017-08-19 04:12:12 +0800, SHT71, 30.100002, 73.150497
2017-08-19 04:12:42 +0800, SHT71, 30.090000, 73.238464
2017-08-19 04:13:13 +0800, SHT71, 30.060001, 73.591873
2017-08-19 04:13:43 +0800, SHT71, 30.060001, 73.860901
2017-08-19 04:14:13 +0800, SHT71, 30.060001, 73.950516
2017-08-19 04:14:44 +0800, SHT71, 30.029995, 73.974640
2017-08-19 04:15:14 +0800, SHT71, 29.969997, 74.052704
2017-08-19 04:15:44 +0800, SHT71, 29.920002, 73.893852
2017-08-19 04:16:14 +0800, SHT71, 29.859997, 73.882370
2017-08-19 04:16:45 +0800, SHT71, 29.819996, 73.785149
2017-08-19 04:17:15 +0800, SHT71, 29.740002, 73.859406
2017-08-19 04:17:45 +0800, SHT71, 29.689999, 73.969177
2017-08-19 04:18:16 +0800, SHT71, 29.639996, 73.870110
2017-08-19 04:18:46 +0800, SHT71, 29.670002, 73.696777
2017-08-19 04:19:16 +0800, SHT71, 29.639996, 73.720901
2017-08-19 04:19:47 +0800, SHT71, 29.639996, 73.571609
2017-08-19 04:20:17 +0800, SHT71, 29.639996, 73.452126
2017-08-19 04:20:47 +0800, SHT71, 29.649998, 73.424141
2017-08-19 04:21:17 +0800, SHT71, 29.670002, 73.338280
2017-08-19 04:21:48 +0800, SHT71, 29.639996, 73.362473
2017-08-19 04:22:18 +0800, SHT71, 29.639996, 73.362473
2017-08-19 04:22:48 +0800, SHT71, 29.630001, 73.330681
2017-08-19 04:23:19 +0800, SHT71, 29.639996, 73.242889
2017-08-19 04:23:49 +0800, SHT71, 29.619999, 73.209198
2017-08-19 04:24:19 +0800, SHT71, 29.630001, 73.121368
2017-08-19 04:24:50 +0800, SHT71, 29.579998, 73.201614
2017-08-19 04:25:20 +0800, SHT71, 29.569996, 73.229607
2017-08-19 04:25:50 +0800, SHT71, 29.590000, 73.203506
2017-08-19 04:26:20 +0800, SHT71, 29.590000, 73.113792
2017-08-19 04:26:51 +0800, SHT71, 29.569996, 73.169807
2017-08-19 04:27:21 +0800, SHT71, 29.579998, 73.291298
2017-08-19 04:27:51 +0800, SHT71, 29.579998, 73.291298
2017-08-19 04:28:22 +0800, SHT71, 29.539997, 73.462959
2017-08-19 04:28:52 +0800, SHT71, 29.560001, 73.466766
2017-08-19 04:29:22 +0800, SHT71, 29.539997, 73.552544
2017-08-19 04:29:53 +0800, SHT71, 29.539997, 73.582397
2017-08-19 04:30:23 +0800, SHT71, 29.549999, 73.524597
2017-08-19 04:30:53 +0800, SHT71, 29.520000, 73.697983
2017-08-19 04:31:24 +0800, SHT71, 29.560001, 73.616074
2017-08-19 04:31:54 +0800, SHT71, 29.529995, 73.729729
2017-08-19 04:32:24 +0800, SHT71, 29.539997, 73.821136
2017-08-19 04:32:54 +0800, SHT71, 29.539997, 73.761475
2017-08-19 04:33:25 +0800, SHT71, 29.549999, 73.793221
2017-08-19 04:33:55 +0800, SHT71, 29.549999, 73.763382
2017-08-19 04:34:25 +0800, SHT71, 29.529995, 73.789398
2017-08-19 04:34:56 +0800, SHT71, 29.549999, 73.763382
2017-08-19 04:35:26 +0800, SHT71, 29.569996, 73.707535
2017-08-19 04:35:56 +0800, SHT71, 29.549999, 73.703712
2017-08-19 04:36:27 +0800, SHT71, 29.509998, 73.845222
2017-08-19 04:36:57 +0800, SHT71, 29.520000, 73.906784
2017-08-19 04:37:27 +0800, SHT71, 29.520000, 73.966408
2017-08-19 04:37:57 +0800, SHT71, 29.520000, 73.996223
2017-08-19 04:38:28 +0800, SHT71, 29.539997, 73.850967
2017-08-19 04:38:58 +0800, SHT71, 29.490002, 74.050072
2017-08-19 04:39:28 +0800, SHT71, 29.499996, 74.141380
2017-08-19 04:39:59 +0800, SHT71, 29.499996, 74.200951
2017-08-19 04:40:29 +0800, SHT71, 29.539997, 74.119270
2017-08-19 04:40:59 +0800, SHT71, 29.539997, 74.149071
2017-08-19 04:41:30 +0800, SHT71, 29.529995, 74.296066
2017-08-19 04:42:00 +0800, SHT71, 29.529995, 74.415154
2017-08-19 04:42:30 +0800, SHT71, 29.549999, 74.359474
2017-08-19 04:43:00 +0800, SHT71, 29.539997, 74.417084
2017-08-19 04:43:31 +0800, SHT71, 29.539997, 74.417084
2017-08-19 04:44:01 +0800, SHT71, 29.499996, 74.558136
2017-08-19 04:44:31 +0800, SHT71, 29.459995, 74.669350
2017-08-19 04:45:02 +0800, SHT71, 29.450001, 74.756592
2017-08-19 04:45:32 +0800, SHT71, 29.450001, 74.667412
2017-08-19 04:46:02 +0800, SHT71, 29.420002, 74.869614
2017-08-19 04:46:33 +0800, SHT71, 29.420002, 74.869614
2017-08-19 04:47:03 +0800, SHT71, 29.420002, 74.839905
2017-08-19 04:47:33 +0800, SHT71, 29.439999, 74.814087
2017-08-19 04:48:03 +0800, SHT71, 29.429996, 74.871552
2017-08-19 04:48:34 +0800, SHT71, 29.429996, 74.812141
2017-08-19 04:49:04 +0800, SHT71, 29.439999, 74.754654
2017-08-19 04:49:34 +0800, SHT71, 29.420002, 74.869614
2017-08-19 04:50:05 +0800, SHT71, 29.439999, 74.903198
2017-08-19 04:50:35 +0800, SHT71, 29.439999, 74.962593
2017-08-19 04:51:05 +0800, SHT71, 29.450001, 74.934853
2017-08-19 04:51:36 +0800, SHT71, 29.459995, 74.877380
2017-08-19 04:52:06 +0800, SHT71, 29.480000, 74.792122
2017-08-19 04:52:36 +0800, SHT71, 29.490002, 74.704887
2017-08-19 04:53:06 +0800, SHT71, 29.480000, 74.732681
2017-08-19 04:53:37 +0800, SHT71, 29.490002, 74.675156
2017-08-19 04:54:07 +0800, SHT71, 29.459995, 74.580139
2017-08-19 04:54:37 +0800, SHT71, 29.459995, 74.609879
2017-08-19 04:55:08 +0800, SHT71, 29.480000, 74.524521
2017-08-19 04:55:38 +0800, SHT71, 29.480000, 74.435265
2017-08-19 04:56:08 +0800, SHT71, 29.439999, 74.487053
2017-08-19 04:56:39 +0800, SHT71, 29.480000, 74.375748
2017-08-19 04:57:09 +0800, SHT71, 29.480000, 74.256668
2017-08-19 04:57:39 +0800, SHT71, 29.480000, 74.197105
2017-08-19 04:58:09 +0800, SHT71, 29.490002, 74.169243
2017-08-19 04:58:40 +0800, SHT71, 29.499996, 74.230736
2017-08-19 04:59:10 +0800, SHT71, 29.480000, 74.077950
2017-08-19 04:59:40 +0800, SHT71, 29.459995, 73.865471
2017-08-19 05:00:11 +0800, SHT71, 29.490002, 73.811569
2017-08-19 05:00:41 +0800, SHT71, 29.490002, 73.662407
2017-08-19 05:01:11 +0800, SHT71, 29.480000, 73.570953
2017-08-19 05:01:42 +0800, SHT71, 29.459995, 73.388000
2017-08-19 05:02:12 +0800, SHT71, 29.480000, 73.152748
2017-08-19 05:02:42 +0800, SHT71, 29.499996, 72.707733
2017-08-19 05:03:13 +0800, SHT71, 29.520000, 72.531769
2017-08-19 05:03:43 +0800, SHT71, 29.539997, 72.565506
2017-08-19 05:04:13 +0800, SHT71, 29.520000, 72.321945
2017-08-19 05:04:43 +0800, SHT71, 29.520000, 72.141960
2017-08-19 05:05:14 +0800, SHT71, 29.480000, 71.623978
2017-08-19 05:05:44 +0800, SHT71, 29.459995, 71.319550
2017-08-19 05:06:14 +0800, SHT71, 29.429996, 71.133430
2017-08-19 05:06:45 +0800, SHT71, 29.420002, 71.011154
2017-08-19 05:07:15 +0800, SHT71, 29.420002, 70.649529
2017-08-19 05:07:45 +0800, SHT71, 29.420002, 70.528885
2017-08-19 05:08:16 +0800, SHT71, 29.420002, 70.196854
2017-08-19 05:08:46 +0800, SHT71, 29.399998, 69.981720
2017-08-19 05:09:16 +0800, SHT71, 29.389996, 70.040359
2017-08-19 05:09:46 +0800, SHT71, 29.410000, 69.802132
2017-08-19 05:10:17 +0800, SHT71, 29.429996, 70.047607
2017-08-19 05:10:47 +0800, SHT71, 29.399998, 69.891045
2017-08-19 05:11:17 +0800, SHT71, 29.389996, 69.768280
2017-08-19 05:11:48 +0800, SHT71, 29.399998, 69.679337
2017-08-19 05:12:18 +0800, SHT71, 29.389996, 69.556488
2017-08-19 05:12:48 +0800, SHT71, 29.399998, 69.618813
2017-08-19 05:13:19 +0800, SHT71, 29.380001, 69.705978
2017-08-19 05:13:49 +0800, SHT71, 29.389996, 69.707779
2017-08-19 05:14:19 +0800, SHT71, 29.369999, 69.855377
2017-08-19 05:14:49 +0800, SHT71, 29.359997, 69.853569
2017-08-19 05:15:20 +0800, SHT71, 29.359997, 69.672119
2017-08-19 05:15:50 +0800, SHT71, 29.369999, 69.643677
2017-08-19 05:16:20 +0800, SHT71, 29.369999, 69.583153
2017-08-19 05:16:51 +0800, SHT71, 29.359997, 69.611603
2017-08-19 05:17:21 +0800, SHT71, 29.359997, 69.762863
2017-08-19 05:17:51 +0800, SHT71, 29.380001, 69.857185
2017-08-19 05:18:22 +0800, SHT71, 29.389996, 69.677528
2017-08-19 05:18:52 +0800, SHT71, 29.380001, 69.584953
2017-08-19 05:19:22 +0800, SHT71, 29.359997, 69.581352
2017-08-19 05:19:52 +0800, SHT71, 29.359997, 69.581352
2017-08-19 05:20:23 +0800, SHT71, 29.359997, 69.520813
2017-08-19 05:20:53 +0800, SHT71, 29.340000, 69.456680
2017-08-19 05:21:23 +0800, SHT71, 29.340000, 69.456680
2017-08-19 05:21:54 +0800, SHT71, 29.340000, 69.396126
2017-08-19 05:22:24 +0800, SHT71, 29.299999, 69.479759
2017-08-19 05:22:54 +0800, SHT71, 29.289997, 69.659492
2017-08-19 05:23:25 +0800, SHT71, 29.299999, 69.570541
2017-08-19 05:23:55 +0800, SHT71, 29.279995, 69.233932
2017-08-19 05:24:25 +0800, SHT71, 29.289997, 69.235725
2017-08-19 05:24:55 +0800, SHT71, 29.289997, 69.175148
2017-08-19 05:25:26 +0800, SHT71, 29.279995, 69.112747
2017-08-19 05:25:56 +0800, SHT71, 29.289997, 69.144844
2017-08-19 05:26:26 +0800, SHT71, 29.289997, 69.144844
2017-08-19 05:26:57 +0800, SHT71, 29.279995, 69.203644
2017-08-19 05:27:27 +0800, SHT71, 29.259998, 69.260643
2017-08-19 05:27:57 +0800, SHT71, 29.230000, 69.164398
2017-08-19 05:28:28 +0800, SHT71, 29.259998, 68.775665
2017-08-19 05:28:58 +0800, SHT71, 29.259998, 68.927307
2017-08-19 05:29:28 +0800, SHT71, 29.279995, 68.991516
2017-08-19 05:29:58 +0800, SHT71, 29.259998, 68.987946
2017-08-19 05:30:29 +0800, SHT71, 29.230000, 69.164398
2017-08-19 05:30:59 +0800, SHT71, 29.259998, 69.230347
2017-08-19 05:31:29 +0800, SHT71, 29.249996, 69.258842
2017-08-19 05:32:00 +0800, SHT71, 29.259998, 69.260643
2017-08-19 05:32:30 +0800, SHT71, 29.270000, 69.110962
2017-08-19 05:33:00 +0800, SHT71, 29.240002, 69.044983
2017-08-19 05:33:31 +0800, SHT71, 29.219997, 69.314018
2017-08-19 05:34:01 +0800, SHT71, 29.219997, 69.374565
2017-08-19 05:34:31 +0800, SHT71, 29.240002, 69.226761
2017-08-19 05:35:02 +0800, SHT71, 29.230000, 69.134102
2017-08-19 05:35:32 +0800, SHT71, 29.240002, 69.287331
2017-08-19 05:36:02 +0800, SHT71, 29.240002, 69.347893
2017-08-19 05:36:32 +0800, SHT71, 29.249996, 69.379959
2017-08-19 05:37:03 +0800, SHT71, 29.219997, 69.404831
2017-08-19 05:37:33 +0800, SHT71, 29.189999, 69.459969
2017-08-19 05:38:03 +0800, SHT71, 29.219997, 69.314018
2017-08-19 05:38:34 +0800, SHT71, 29.240002, 69.226761
2017-08-19 05:39:04 +0800, SHT71, 29.230000, 69.255257
2017-08-19 05:39:34 +0800, SHT71, 29.230000, 69.073502
2017-08-19 05:40:05 +0800, SHT71, 29.240002, 69.075294
2017-08-19 05:40:35 +0800, SHT71, 29.230000, 69.103806
2017-08-19 05:41:05 +0800, SHT71, 29.200001, 69.249878
2017-08-19 05:41:35 +0800, SHT71, 29.209995, 69.372772
2017-08-19 05:42:06 +0800, SHT71, 29.209995, 69.251671
2017-08-19 05:42:36 +0800, SHT71, 29.200001, 69.249878
2017-08-19 05:43:06 +0800, SHT71, 29.209995, 69.191101
2017-08-19 05:43:37 +0800, SHT71, 29.240002, 69.105591
2017-08-19 05:44:07 +0800, SHT71, 29.240002, 69.044983
2017-08-19 05:44:37 +0800, SHT71, 29.219997, 69.132309
2017-08-19 05:45:08 +0800, SHT71, 29.189999, 69.096642
2017-08-19 05:45:38 +0800, SHT71, 29.200001, 69.068138
2017-08-19 05:46:08 +0800, SHT71, 29.200001, 68.886284
2017-08-19 05:46:38 +0800, SHT71, 29.200001, 68.764977
2017-08-19 05:47:09 +0800, SHT71, 29.189999, 68.641846
2017-08-19 05:47:39 +0800, SHT71, 29.189999, 68.581154
2017-08-19 05:48:09 +0800, SHT71, 29.160000, 68.302567
2017-08-19 05:48:40 +0800, SHT71, 29.189999, 68.216721
2017-08-19 05:49:10 +0800, SHT71, 29.209995, 68.007454
2017-08-19 05:49:40 +0800, SHT71, 29.189999, 67.730103
2017-08-19 05:50:11 +0800, SHT71, 29.189999, 67.669212
2017-08-19 05:50:41 +0800, SHT71, 29.189999, 67.577873
2017-08-19 05:51:11 +0800, SHT71, 29.179996, 67.515205
2017-08-19 05:51:41 +0800, SHT71, 29.179996, 67.423798
2017-08-19 05:52:12 +0800, SHT71, 29.189999, 67.242661
2017-08-19 05:52:42 +0800, SHT71, 29.179996, 67.271408
2017-08-19 05:53:12 +0800, SHT71, 29.160000, 67.145966
2017-08-19 05:53:43 +0800, SHT71, 29.179996, 67.088432
2017-08-19 05:54:13 +0800, SHT71, 29.179996, 66.905342
2017-08-19 05:54:43 +0800, SHT71, 29.160000, 66.871353
2017-08-19 05:55:14 +0800, SHT71, 29.130001, 66.774574
2017-08-19 05:55:44 +0800, SHT71, 29.119999, 66.925468
2017-08-19 05:56:14 +0800, SHT71, 29.160000, 66.871353
2017-08-19 05:56:44 +0800, SHT71, 29.130001, 66.805107
2017-08-19 05:57:15 +0800, SHT71, 29.130001, 67.049240
2017-08-19 05:57:45 +0800, SHT71, 29.119999, 67.352386
2017-08-19 05:58:15 +0800, SHT71, 29.100002, 67.592567
2017-08-19 05:58:46 +0800, SHT71, 29.130001, 67.536911
2017-08-19 05:59:16 +0800, SHT71, 29.100002, 67.562126
2017-08-19 05:59:46 +0800, SHT71, 29.090000, 67.499474
2017-08-19 06:00:17 +0800, SHT71, 29.109997, 67.411575
2017-08-19 06:00:47 +0800, SHT71, 29.119999, 67.474258
2017-08-19 06:01:17 +0800, SHT71, 29.100002, 67.470764
2017-08-19 06:01:48 +0800, SHT71, 29.109997, 67.472511
2017-08-19 06:02:18 +0800, SHT71, 29.100002, 67.196518
2017-08-19 06:02:48 +0800, SHT71, 29.090000, 67.103302
2017-08-19 06:03:18 +0800, SHT71, 29.069996, 66.977821
2017-08-19 06:03:49 +0800, SHT71, 29.069996, 66.642059
2017-08-19 06:04:19 +0800, SHT71, 29.100002, 66.463913
2017-08-19 06:04:49 +0800, SHT71, 29.090000, 66.278763
2017-08-19 06:05:20 +0800, SHT71, 29.119999, 66.528473
2017-08-19 06:05:50 +0800, SHT71, 29.100002, 66.249893
2017-08-19 06:06:20 +0800, SHT71, 29.100002, 66.096931
2017-08-19 06:06:51 +0800, SHT71, 29.060001, 66.090088
2017-08-19 06:07:21 +0800, SHT71, 29.060001, 65.967674
2017-08-19 06:07:51 +0800, SHT71, 29.049999, 65.935349
2017-08-19 06:08:21 +0800, SHT71, 29.069996, 65.877525
2017-08-19 06:08:52 +0800, SHT71, 29.060001, 65.937057
2017-08-19 06:09:22 +0800, SHT71, 29.060001, 65.937057
2017-08-19 06:09:52 +0800, SHT71, 29.060001, 65.967674
2017-08-19 06:10:23 +0800, SHT71, 29.060001, 65.875824
2017-08-19 06:10:53 +0800, SHT71, 29.060001, 65.875824
2017-08-19 06:11:23 +0800, SHT71, 29.079998, 65.909851
2017-08-19 06:11:54 +0800, SHT71, 29.060001, 65.967674
2017-08-19 06:12:24 +0800, SHT71, 29.029995, 66.146133
2017-08-19 06:12:54 +0800, SHT71, 29.039997, 66.147850
2017-08-19 06:13:24 +0800, SHT71, 29.039997, 66.178436
2017-08-19 06:13:55 +0800, SHT71, 29.060001, 66.243034
2017-08-19 06:14:25 +0800, SHT71, 29.049999, 66.241318
2017-08-19 06:14:55 +0800, SHT71, 29.060001, 66.151276
2017-08-19 06:15:26 +0800, SHT71, 29.060001, 65.998276
2017-08-19 06:15:56 +0800, SHT71, 29.069996, 65.999985
2017-08-19 06:16:26 +0800, SHT71, 29.079998, 65.971085
2017-08-19 06:16:57 +0800, SHT71, 29.079998, 66.001694
2017-08-19 06:17:27 +0800, SHT71, 29.079998, 66.093506
2017-08-19 06:17:57 +0800, SHT71, 29.079998, 66.124107
2017-08-19 06:18:27 +0800, SHT71, 29.109997, 66.159836
2017-08-19 06:18:58 +0800, SHT71, 29.109997, 66.159836
2017-08-19 06:19:28 +0800, SHT71, 29.100002, 66.463913
2017-08-19 06:19:58 +0800, SHT71, 29.100002, 66.586143
2017-08-19 06:20:29 +0800, SHT71, 29.100002, 66.219315
2017-08-19 06:20:59 +0800, SHT71, 29.130001, 66.010239
2017-08-19 06:21:29 +0800, SHT71, 29.130001, 65.918381
2017-08-19 06:22:00 +0800, SHT71, 29.100002, 65.852020
2017-08-19 06:22:30 +0800, SHT71, 29.100002, 65.943886
2017-08-19 06:23:00 +0800, SHT71, 29.119999, 65.947304
2017-08-19 06:23:30 +0800, SHT71, 29.100002, 65.943886
2017-08-19 06:24:01 +0800, SHT71, 29.100002, 65.821388
2017-08-19 06:24:31 +0800, SHT71, 29.090000, 65.850319
2017-08-19 06:25:01 +0800, SHT71, 29.079998, 65.909851
2017-08-19 06:25:32 +0800, SHT71, 29.090000, 65.972794
2017-08-19 06:26:02 +0800, SHT71, 29.090000, 66.034012
2017-08-19 06:26:32 +0800, SHT71, 29.109997, 66.648964
2017-08-19 06:27:03 +0800, SHT71, 29.109997, 66.923737
2017-08-19 06:27:33 +0800, SHT71, 29.090000, 66.523308
2017-08-19 06:28:03 +0800, SHT71, 29.100002, 66.372208
2017-08-19 06:28:33 +0800, SHT71, 29.109997, 66.343353
2017-08-19 06:29:04 +0800, SHT71, 29.119999, 66.345070
2017-08-19 06:29:34 +0800, SHT71, 29.109997, 66.404503
2017-08-19 06:30:04 +0800, SHT71, 29.130001, 66.591316
2017-08-19 06:30:35 +0800, SHT71, 29.139996, 66.531921
2017-08-19 06:31:05 +0800, SHT71, 29.139996, 66.440231
2017-08-19 06:31:35 +0800, SHT71, 29.130001, 66.438507
2017-08-19 06:32:06 +0800, SHT71, 29.139996, 66.654144
2017-08-19 06:32:36 +0800, SHT71, 29.139996, 66.776299
2017-08-19 06:33:06 +0800, SHT71, 29.109997, 66.893219
2017-08-19 06:33:37 +0800, SHT71, 29.100002, 66.922005
2017-08-19 06:34:07 +0800, SHT71, 29.130001, 66.713501
2017-08-19 06:34:37 +0800, SHT71, 29.139996, 66.684685
2017-08-19 06:35:07 +0800, SHT71, 29.149998, 66.594765
2017-08-19 06:35:38 +0800, SHT71, 29.170002, 66.567650
2017-08-19 06:36:08 +0800, SHT71, 29.200001, 66.511696
2017-08-19 06:36:38 +0800, SHT71, 29.200001, 66.572823
2017-08-19 06:37:09 +0800, SHT71, 29.200001, 66.695045
2017-08-19 06:37:39 +0800, SHT71, 29.219997, 66.698494
2017-08-19 06:38:09 +0800, SHT71, 29.200001, 66.633942
2017-08-19 06:38:40 +0800, SHT71, 29.209995, 66.543976
2017-08-19 06:39:10 +0800, SHT71, 29.209995, 66.574539
2017-08-19 06:39:40 +0800, SHT71, 29.179996, 66.752686
2017-08-19 06:40:10 +0800, SHT71, 29.179996, 66.813751
2017-08-19 06:40:41 +0800, SHT71, 29.179996, 66.813751
2017-08-19 06:41:11 +0800, SHT71, 29.189999, 66.784943
2017-08-19 06:41:41 +0800, SHT71, 29.189999, 66.815483
2017-08-19 06:42:12 +0800, SHT71, 29.179996, 66.844292
2017-08-19 06:42:42 +0800, SHT71, 29.179996, 66.966393
2017-08-19 06:43:12 +0800, SHT71, 29.179996, 67.027420
2017-08-19 06:43:43 +0800, SHT71, 29.200001, 67.152916
2017-08-19 06:44:13 +0800, SHT71, 29.219997, 67.156395
2017-08-19 06:44:43 +0800, SHT71, 29.219997, 67.247887
2017-08-19 06:45:13 +0800, SHT71, 29.200001, 67.366341
2017-08-19 06:45:44 +0800, SHT71, 29.209995, 67.368080
2017-08-19 06:46:14 +0800, SHT71, 29.200001, 67.396828
2017-08-19 06:46:44 +0800, SHT71, 29.209995, 67.459511
2017-08-19 06:47:15 +0800, SHT71, 29.219997, 67.430779
2017-08-19 06:47:45 +0800, SHT71, 29.209995, 67.489983
2017-08-19 06:48:15 +0800, SHT71, 29.240002, 67.617073
2017-08-19 06:48:46 +0800, SHT71, 29.230000, 67.584869
2017-08-19 06:49:16 +0800, SHT71, 29.209995, 67.672722
2017-08-19 06:49:46 +0800, SHT71, 29.240002, 67.799744
2017-08-19 06:50:16 +0800, SHT71, 29.230000, 67.980553
2017-08-19 06:50:47 +0800, SHT71, 29.230000, 68.041382
2017-08-19 06:51:17 +0800, SHT71, 29.219997, 68.009216
2017-08-19 06:51:47 +0800, SHT71, 29.240002, 68.012741
2017-08-19 06:52:18 +0800, SHT71, 29.259998, 67.985840
2017-08-19 06:52:48 +0800, SHT71, 29.259998, 67.985840
2017-08-19 06:53:18 +0800, SHT71, 29.279995, 67.989357
2017-08-19 06:53:49 +0800, SHT71, 29.279995, 67.958931
2017-08-19 06:54:19 +0800, SHT71, 29.289997, 67.930267
2017-08-19 06:54:49 +0800, SHT71, 29.289997, 67.899834
2017-08-19 06:55:19 +0800, SHT71, 29.279995, 67.958931
2017-08-19 06:55:50 +0800, SHT71, 29.279995, 68.050194
2017-08-19 06:56:20 +0800, SHT71, 29.279995, 68.141418
2017-08-19 06:56:50 +0800, SHT71, 29.289997, 68.112778
2017-08-19 06:57:21 +0800, SHT71, 29.289997, 68.143181
2017-08-19 06:57:51 +0800, SHT71, 29.299999, 68.266548
2017-08-19 06:58:21 +0800, SHT71, 29.289997, 68.477455
2017-08-19 06:58:52 +0800, SHT71, 29.299999, 68.691750
2017-08-19 06:59:22 +0800, SHT71, 29.299999, 68.752441
2017-08-19 06:59:52 +0800, SHT71, 29.310001, 68.693527
2017-08-19 07:00:23 +0800, SHT71, 29.299999, 68.752441
2017-08-19 07:00:53 +0800, SHT71, 29.319996, 68.907692
2017-08-19 07:01:23 +0800, SHT71, 29.299999, 69.176941
2017-08-19 07:01:53 +0800, SHT71, 29.329998, 69.182312
2017-08-19 07:02:24 +0800, SHT71, 29.340000, 69.214394
2017-08-19 07:02:54 +0800, SHT71, 29.340000, 69.365852
2017-08-19 07:03:24 +0800, SHT71, 29.350002, 69.337357
2017-08-19 07:03:55 +0800, SHT71, 29.350002, 69.307068
2017-08-19 07:04:25 +0800, SHT71, 29.359997, 69.369446
2017-08-19 07:04:55 +0800, SHT71, 29.359997, 69.460281
2017-08-19 07:05:26 +0800, SHT71, 29.359997, 69.520813
2017-08-19 07:05:56 +0800, SHT71, 29.350002, 69.519012
2017-08-19 07:06:26 +0800, SHT71, 29.369999, 69.552887
2017-08-19 07:06:56 +0800, SHT71, 29.399998, 69.588554
2017-08-19 07:07:27 +0800, SHT71, 29.399998, 69.709587
2017-08-19 07:07:57 +0800, SHT71, 29.399998, 69.830566
2017-08-19 07:08:27 +0800, SHT71, 29.410000, 69.923088
2017-08-19 07:08:58 +0800, SHT71, 29.410000, 70.104416
2017-08-19 07:09:28 +0800, SHT71, 29.410000, 70.315804
2017-08-19 07:09:58 +0800, SHT71, 29.380001, 70.551743
2017-08-19 07:10:29 +0800, SHT71, 29.399998, 70.585556
2017-08-19 07:10:59 +0800, SHT71, 29.410000, 70.496887
2017-08-19 07:11:29 +0800, SHT71, 29.410000, 70.557220
2017-08-19 07:11:59 +0800, SHT71, 29.410000, 70.557220
2017-08-19 07:12:30 +0800, SHT71, 29.410000, 70.557220
2017-08-19 07:13:00 +0800, SHT71, 29.420002, 70.528885
2017-08-19 07:13:30 +0800, SHT71, 29.429996, 70.681511
2017-08-19 07:14:01 +0800, SHT71, 29.429996, 70.862366
2017-08-19 07:14:31 +0800, SHT71, 29.420002, 71.041260
2017-08-19 07:15:01 +0800, SHT71, 29.399998, 71.278374
2017-08-19 07:15:32 +0800, SHT71, 29.399998, 71.278374
2017-08-19 07:16:02 +0800, SHT71, 29.420002, 71.191795
2017-08-19 07:16:32 +0800, SHT71, 29.439999, 71.165382
2017-08-19 07:17:02 +0800, SHT71, 29.439999, 71.165382
2017-08-19 07:17:33 +0800, SHT71, 29.459995, 71.108849
2017-08-19 07:18:03 +0800, SHT71, 29.459995, 71.138954
2017-08-19 07:18:33 +0800, SHT71, 29.480000, 71.232964
2017-08-19 07:19:04 +0800, SHT71, 29.499996, 71.326935
2017-08-19 07:19:34 +0800, SHT71, 29.499996, 71.417198
2017-08-19 07:20:04 +0800, SHT71, 29.490002, 71.565704
2017-08-19 07:20:35 +0800, SHT71, 29.509998, 71.629539
2017-08-19 07:21:05 +0800, SHT71, 29.499996, 71.717850
2017-08-19 07:21:35 +0800, SHT71, 29.509998, 71.779800
2017-08-19 07:22:05 +0800, SHT71, 29.490002, 71.896225
2017-08-19 07:22:36 +0800, SHT71, 29.490002, 71.896225
2017-08-19 07:23:06 +0800, SHT71, 29.480000, 72.014450
2017-08-19 07:23:36 +0800, SHT71, 29.480000, 71.924385
2017-08-19 07:24:07 +0800, SHT71, 29.490002, 71.896225
2017-08-19 07:24:37 +0800, SHT71, 29.499996, 71.777939
2017-08-19 07:25:07 +0800, SHT71, 29.509998, 71.719704
2017-08-19 07:25:38 +0800, SHT71, 29.520000, 71.631393
2017-08-19 07:26:08 +0800, SHT71, 29.520000, 71.661453
2017-08-19 07:26:38 +0800, SHT71, 29.529995, 71.633255
2017-08-19 07:27:08 +0800, SHT71, 29.539997, 71.725281
2017-08-19 07:27:39 +0800, SHT71, 29.560001, 71.668877
2017-08-19 07:28:09 +0800, SHT71, 29.560001, 71.698936
2017-08-19 07:28:39 +0800, SHT71, 29.560001, 71.728996
2017-08-19 07:29:10 +0800, SHT71, 29.560001, 71.698936
2017-08-19 07:29:40 +0800, SHT71, 29.560001, 71.668877
2017-08-19 07:30:10 +0800, SHT71, 29.560001, 71.608749
2017-08-19 07:30:41 +0800, SHT71, 29.579998, 71.552315
2017-08-19 07:31:11 +0800, SHT71, 29.579998, 71.522240
2017-08-19 07:31:41 +0800, SHT71, 29.560001, 71.548615
2017-08-19 07:32:12 +0800, SHT71, 29.579998, 71.522240
2017-08-19 07:32:42 +0800, SHT71, 29.600002, 71.465775
2017-08-19 07:33:12 +0800, SHT71, 29.569996, 71.008614
2017-08-19 07:33:42 +0800, SHT71, 29.560001, 70.494087
2017-08-19 07:34:13 +0800, SHT71, 29.560001, 70.192085
2017-08-19 07:34:43 +0800, SHT71, 29.579998, 70.074814
2017-08-19 07:35:13 +0800, SHT71, 29.560001, 69.708199
2017-08-19 07:35:44 +0800, SHT71, 29.549999, 69.585304
2017-08-19 07:36:14 +0800, SHT71, 29.539997, 69.432068
2017-08-19 07:36:44 +0800, SHT71, 29.539997, 69.341164
2017-08-19 07:37:15 +0800, SHT71, 29.529995, 69.248444
2017-08-19 07:37:45 +0800, SHT71, 29.539997, 69.068291
2017-08-19 07:38:15 +0800, SHT71, 29.520000, 68.852318
2017-08-19 07:38:45 +0800, SHT71, 29.529995, 68.914795
2017-08-19 07:39:16 +0800, SHT71, 29.529995, 68.884453
2017-08-19 07:39:46 +0800, SHT71, 29.529995, 68.854095
2017-08-19 07:40:16 +0800, SHT71, 29.539997, 68.795166
2017-08-19 07:40:47 +0800, SHT71, 29.560001, 68.829086
2017-08-19 07:41:17 +0800, SHT71, 29.569996, 68.739769
2017-08-19 07:41:47 +0800, SHT71, 29.569996, 68.587868
2017-08-19 07:42:18 +0800, SHT71, 29.590000, 68.652199
2017-08-19 07:42:48 +0800, SHT71, 29.609997, 68.564575
2017-08-19 07:43:18 +0800, SHT71, 29.600002, 68.593193
2017-08-19 07:43:48 +0800, SHT71, 29.630001, 68.598518
2017-08-19 07:44:19 +0800, SHT71, 29.639996, 68.630684
2017-08-19 07:44:49 +0800, SHT71, 29.660000, 68.695007
2017-08-19 07:45:19 +0800, SHT71, 29.660000, 68.695007
2017-08-19 07:45:50 +0800, SHT71, 29.660000, 68.786148
2017-08-19 07:46:20 +0800, SHT71, 29.679996, 68.789703
2017-08-19 07:46:50 +0800, SHT71, 29.679996, 68.759331
2017-08-19 07:47:21 +0800, SHT71, 29.689999, 68.791481
2017-08-19 07:47:51 +0800, SHT71, 29.719997, 68.857582
2017-08-19 07:48:21 +0800, SHT71, 29.700001, 68.793266
2017-08-19 07:48:51 +0800, SHT71, 29.700001, 68.854019
2017-08-19 07:49:22 +0800, SHT71, 29.709995, 68.886169
2017-08-19 07:49:52 +0800, SHT71, 29.700001, 68.945114
2017-08-19 07:50:22 +0800, SHT71, 29.709995, 68.916534
2017-08-19 07:50:53 +0800, SHT71, 29.700001, 68.975479
2017-08-19 07:51:23 +0800, SHT71, 29.700001, 69.005844
2017-08-19 07:51:53 +0800, SHT71, 29.719997, 68.979050
2017-08-19 07:52:24 +0800, SHT71, 29.709995, 68.977264
2017-08-19 07:52:54 +0800, SHT71, 29.709995, 68.916534
2017-08-19 07:53:24 +0800, SHT71, 29.719997, 68.887947
2017-08-19 07:53:54 +0800, SHT71, 29.700001, 68.854019
2017-08-19 07:54:25 +0800, SHT71, 29.700001, 68.854019
2017-08-19 07:54:55 +0800, SHT71, 29.700001, 68.671730
2017-08-19 07:55:25 +0800, SHT71, 29.719997, 68.675285
2017-08-19 07:55:56 +0800, SHT71, 29.740002, 68.678841
2017-08-19 07:56:26 +0800, SHT71, 29.749996, 68.650208
2017-08-19 07:56:56 +0800, SHT71, 29.730000, 68.555458
2017-08-19 07:57:27 +0800, SHT71, 29.740002, 68.526817
2017-08-19 07:57:57 +0800, SHT71, 29.719997, 68.462456
2017-08-19 07:58:27 +0800, SHT71, 29.719997, 68.705666
2017-08-19 07:58:58 +0800, SHT71, 29.740002, 68.770004
2017-08-19 07:59:28 +0800, SHT71, 29.740002, 68.952248
2017-08-19 07:59:58 +0800, SHT71, 29.759998, 69.016548
2017-08-19 08:00:28 +0800, SHT71, 29.759998, 68.986183
2017-08-19 08:00:59 +0800, SHT71, 29.770000, 68.957596
2017-08-19 08:01:29 +0800, SHT71, 29.779995, 68.929016
2017-08-19 08:01:59 +0800, SHT71, 29.779995, 68.929016
2017-08-19 08:02:30 +0800, SHT71, 29.799999, 68.902206
2017-08-19 08:03:00 +0800, SHT71, 29.770000, 68.957596
2017-08-19 08:03:30 +0800, SHT71, 29.789997, 68.930794
2017-08-19 08:04:01 +0800, SHT71, 29.789997, 68.961159
2017-08-19 08:04:31 +0800, SHT71, 29.779995, 68.989754
2017-08-19 08:05:01 +0800, SHT71, 29.770000, 69.018333
2017-08-19 08:05:31 +0800, SHT71, 29.779995, 68.989754
2017-08-19 08:06:02 +0800, SHT71, 29.799999, 68.993324
2017-08-19 08:06:32 +0800, SHT71, 29.799999, 69.023689
2017-08-19 08:07:02 +0800, SHT71, 29.819996, 69.027260
2017-08-19 08:07:33 +0800, SHT71, 29.810001, 69.025475
2017-08-19 08:08:03 +0800, SHT71, 29.829998, 69.029045
2017-08-19 08:08:33 +0800, SHT71, 29.829998, 69.029045
2017-08-19 08:09:04 +0800, SHT71, 29.819996, 69.087982
2017-08-19 08:09:34 +0800, SHT71, 29.819996, 69.087982
2017-08-19 08:10:04 +0800, SHT71, 29.829998, 69.029045
2017-08-19 08:10:34 +0800, SHT71, 29.840000, 69.000458
2017-08-19 08:11:05 +0800, SHT71, 29.840000, 69.030830
2017-08-19 08:11:35 +0800, SHT71, 29.840000, 69.030830
2017-08-19 08:12:05 +0800, SHT71, 29.850002, 69.062981
2017-08-19 08:12:36 +0800, SHT71, 29.840000, 69.030830
2017-08-19 08:13:06 +0800, SHT71, 29.819996, 69.087982
2017-08-19 08:13:36 +0800, SHT71, 29.829998, 69.059402
2017-08-19 08:14:07 +0800, SHT71, 29.829998, 69.089767
2017-08-19 08:14:37 +0800, SHT71, 29.829998, 69.089767
2017-08-19 08:15:07 +0800, SHT71, 29.779995, 69.262917
2017-08-19 08:15:37 +0800, SHT71, 29.810001, 69.298622
2017-08-19 08:16:08 +0800, SHT71, 29.819996, 69.270081
2017-08-19 08:16:38 +0800, SHT71, 29.840000, 69.243317
2017-08-19 08:17:08 +0800, SHT71, 29.850002, 69.214760
2017-08-19 08:17:39 +0800, SHT71, 29.859997, 69.216545
2017-08-19 08:18:09 +0800, SHT71, 29.859997, 69.216545
2017-08-19 08:18:39 +0800, SHT71, 29.880001, 69.189774
2017-08-19 08:19:10 +0800, SHT71, 29.880001, 69.220123
2017-08-19 08:19:40 +0800, SHT71, 29.869999, 69.248688
2017-08-19 08:20:10 +0800, SHT71, 29.880001, 69.250481
2017-08-19 08:20:40 +0800, SHT71, 29.889996, 69.282616
2017-08-19 08:21:11 +0800, SHT71, 29.899998, 69.254059
2017-08-19 08:21:41 +0800, SHT71, 29.880001, 69.341499
2017-08-19 08:22:11 +0800, SHT71, 29.869999, 69.309372
2017-08-19 08:22:42 +0800, SHT71, 29.869999, 69.430702
2017-08-19 08:23:12 +0800, SHT71, 29.889996, 69.434296
2017-08-19 08:23:42 +0800, SHT71, 29.910000, 69.468224
2017-08-19 08:24:13 +0800, SHT71, 29.859997, 69.398582
2017-08-19 08:24:43 +0800, SHT71, 29.850002, 69.548401
2017-08-19 08:25:13 +0800, SHT71, 29.859997, 69.610817
2017-08-19 08:25:44 +0800, SHT71, 29.829998, 69.666023
2017-08-19 08:26:14 +0800, SHT71, 29.840000, 69.758713
2017-08-19 08:26:44 +0800, SHT71, 29.869999, 69.733833
2017-08-19 08:27:14 +0800, SHT71, 29.899998, 69.648331
2017-08-19 08:27:45 +0800, SHT71, 29.910000, 69.680435
2017-08-19 08:28:15 +0800, SHT71, 29.910000, 69.680435
2017-08-19 08:28:45 +0800, SHT71, 29.920002, 69.682243
2017-08-19 08:29:16 +0800, SHT71, 29.910000, 69.680435
2017-08-19 08:29:46 +0800, SHT71, 29.910000, 69.650131
2017-08-19 08:30:16 +0800, SHT71, 29.929996, 69.653732
2017-08-19 08:30:47 +0800, SHT71, 29.920002, 69.621613
2017-08-19 08:31:17 +0800, SHT71, 29.929996, 69.684044
2017-08-19 08:31:47 +0800, SHT71, 29.929996, 69.744652
2017-08-19 08:32:17 +0800, SHT71, 29.929996, 69.805237
2017-08-19 08:32:48 +0800, SHT71, 29.920002, 69.803436
2017-08-19 08:33:18 +0800, SHT71, 29.929996, 69.805237
2017-08-19 08:33:48 +0800, SHT71, 29.929996, 69.744652
2017-08-19 08:34:19 +0800, SHT71, 29.910000, 69.741043
2017-08-19 08:34:49 +0800, SHT71, 29.920002, 69.803436
2017-08-19 08:35:19 +0800, SHT71, 29.929996, 69.805237
2017-08-19 08:35:50 +0800, SHT71, 29.939999, 69.746452
2017-08-19 08:36:20 +0800, SHT71, 29.939999, 69.776749
2017-08-19 08:36:50 +0800, SHT71, 29.929996, 69.805237
2017-08-19 08:37:20 +0800, SHT71, 29.950001, 69.808853
2017-08-19 08:37:51 +0800, SHT71, 29.959995, 69.810654
2017-08-19 08:38:21 +0800, SHT71, 29.950001, 69.808853
2017-08-19 08:38:51 +0800, SHT71, 29.939999, 69.837341
2017-08-19 08:39:22 +0800, SHT71, 29.939999, 69.837341
2017-08-19 08:39:52 +0800, SHT71, 29.950001, 69.869438
2017-08-19 08:40:22 +0800, SHT71, 29.959995, 69.840950
2017-08-19 08:40:53 +0800, SHT71, 29.959995, 69.840950
2017-08-19 08:41:23 +0800, SHT71, 29.950001, 69.839149
2017-08-19 08:41:53 +0800, SHT71, 29.959995, 69.840950
2017-08-19 08:42:23 +0800, SHT71, 29.959995, 69.810654
2017-08-19 08:42:54 +0800, SHT71, 29.959995, 69.810654
2017-08-19 08:43:24 +0800, SHT71, 29.950001, 69.808853
2017-08-19 08:43:54 +0800, SHT71, 29.959995, 69.780357
2017-08-19 08:44:25 +0800, SHT71, 29.959995, 69.750061
2017-08-19 08:44:55 +0800, SHT71, 29.969997, 69.751862
2017-08-19 08:45:25 +0800, SHT71, 29.969997, 69.691246
2017-08-19 08:45:56 +0800, SHT71, 29.980000, 69.723358
2017-08-19 08:46:26 +0800, SHT71, 29.969997, 69.721550
2017-08-19 08:46:56 +0800, SHT71, 29.959995, 69.719749
2017-08-19 08:47:26 +0800, SHT71, 29.959995, 69.719749
2017-08-19 08:47:57 +0800, SHT71, 29.980000, 69.602104
2017-08-19 08:48:27 +0800, SHT71, 29.980000, 69.571777
2017-08-19 08:48:57 +0800, SHT71, 29.980000, 69.571777
2017-08-19 08:49:28 +0800, SHT71, 29.959995, 69.628815
2017-08-19 08:49:58 +0800, SHT71, 29.969997, 69.600304
2017-08-19 08:50:28 +0800, SHT71, 29.990002, 69.603905
2017-08-19 08:50:59 +0800, SHT71, 29.980000, 69.602104
2017-08-19 08:51:29 +0800, SHT71, 29.990002, 69.573578
2017-08-19 08:51:59 +0800, SHT71, 29.999996, 69.605698
2017-08-19 08:52:29 +0800, SHT71, 29.990002, 69.573578
2017-08-19 08:53:00 +0800, SHT71, 29.980000, 69.511124
2017-08-19 08:53:30 +0800, SHT71, 29.980000, 69.480797
2017-08-19 08:54:00 +0800, SHT71, 29.980000, 69.389778
2017-08-19 08:54:31 +0800, SHT71, 29.980000, 69.359428
2017-08-19 08:55:01 +0800, SHT71, 29.980000, 69.359428
2017-08-19 08:55:31 +0800, SHT71, 29.999996, 69.363014
2017-08-19 08:56:02 +0800, SHT71, 29.980000, 69.359428
2017-08-19 08:56:32 +0800, SHT71, 29.990002, 69.330879
2017-08-19 08:57:02 +0800, SHT71, 29.990002, 69.300529
2017-08-19 08:57:33 +0800, SHT71, 29.980000, 69.238022
2017-08-19 08:58:03 +0800, SHT71, 29.990002, 69.300529
2017-08-19 08:58:33 +0800, SHT71, 30.009998, 69.273750
2017-08-19 08:59:03 +0800, SHT71, 30.009998, 69.273750
2017-08-19 08:59:34 +0800, SHT71, 30.009998, 69.243393
2017-08-19 09:00:04 +0800, SHT71, 30.020000, 69.245178
2017-08-19 09:00:34 +0800, SHT71, 30.020000, 69.275543
2017-08-19 09:01:05 +0800, SHT71, 30.049999, 69.220184
2017-08-19 09:01:35 +0800, SHT71, 30.029995, 69.277336
2017-08-19 09:02:05 +0800, SHT71, 30.029995, 69.307693
2017-08-19 09:02:36 +0800, SHT71, 30.029995, 69.368393
2017-08-19 09:03:06 +0800, SHT71, 30.029995, 69.368393
2017-08-19 09:03:36 +0800, SHT71, 30.039997, 69.370186
2017-08-19 09:04:06 +0800, SHT71, 30.049999, 69.371979
2017-08-19 09:04:37 +0800, SHT71, 30.069996, 69.375565
2017-08-19 09:05:07 +0800, SHT71, 30.090000, 69.348793
2017-08-19 09:05:37 +0800, SHT71, 30.079998, 69.438057
2017-08-19 09:06:08 +0800, SHT71, 30.109997, 69.413094
2017-08-19 09:06:38 +0800, SHT71, 30.109997, 69.413094
2017-08-19 09:07:08 +0800, SHT71, 30.079998, 69.468407
2017-08-19 09:07:39 +0800, SHT71, 30.079998, 69.468407
2017-08-19 09:08:09 +0800, SHT71, 30.079998, 69.438057
2017-08-19 09:08:39 +0800, SHT71, 30.090000, 69.379150
2017-08-19 09:09:09 +0800, SHT71, 30.139996, 69.114761
2017-08-19 09:09:40 +0800, SHT71, 30.139996, 68.841133
2017-08-19 09:10:10 +0800, SHT71, 30.209995, 68.122536
2017-08-19 09:10:40 +0800, SHT71, 30.219997, 68.002281
2017-08-19 09:11:11 +0800, SHT71, 30.189999, 68.180016
2017-08-19 09:11:41 +0800, SHT71, 30.170002, 68.420296
2017-08-19 09:12:11 +0800, SHT71, 30.139996, 68.597694
2017-08-19 09:12:42 +0800, SHT71, 30.139996, 68.689011
2017-08-19 09:13:12 +0800, SHT71, 30.130001, 68.687241
2017-08-19 09:13:42 +0800, SHT71, 30.139996, 68.749878
2017-08-19 09:14:13 +0800, SHT71, 30.139996, 68.749878
2017-08-19 09:14:43 +0800, SHT71, 30.160000, 68.814278
2017-08-19 09:15:13 +0800, SHT71, 30.149998, 68.782074
2017-08-19 09:15:43 +0800, SHT71, 30.149998, 68.842918
2017-08-19 09:16:14 +0800, SHT71, 30.149998, 68.873329
2017-08-19 09:16:44 +0800, SHT71, 30.139996, 68.901962
2017-08-19 09:17:14 +0800, SHT71, 30.160000, 68.814278
2017-08-19 09:17:45 +0800, SHT71, 30.209995, 68.396896
2017-08-19 09:18:15 +0800, SHT71, 30.179996, 68.665672
2017-08-19 09:18:45 +0800, SHT71, 30.149998, 68.690788
2017-08-19 09:19:16 +0800, SHT71, 30.160000, 68.722992
2017-08-19 09:19:46 +0800, SHT71, 30.160000, 68.722992
2017-08-19 09:20:16 +0800, SHT71, 30.179996, 68.665672
2017-08-19 09:20:46 +0800, SHT71, 30.240002, 68.066803
2017-08-19 09:21:17 +0800, SHT71, 30.209995, 68.305473
2017-08-19 09:21:47 +0800, SHT71, 30.200001, 68.364662
2017-08-19 09:22:17 +0800, SHT71, 30.189999, 68.393364
2017-08-19 09:22:48 +0800, SHT71, 30.160000, 68.540359
2017-08-19 09:23:18 +0800, SHT71, 30.179996, 68.574341
2017-08-19 09:23:48 +0800, SHT71, 30.179996, 68.635239
2017-08-19 09:24:19 +0800, SHT71, 30.179996, 68.604782
2017-08-19 09:24:49 +0800, SHT71, 30.179996, 68.574341
2017-08-19 09:25:19 +0800, SHT71, 30.179996, 68.665672
2017-08-19 09:25:49 +0800, SHT71, 30.189999, 68.697884
2017-08-19 09:26:20 +0800, SHT71, 30.200001, 68.699661
2017-08-19 09:26:50 +0800, SHT71, 30.200001, 68.730095
2017-08-19 09:27:20 +0800, SHT71, 30.200001, 68.760536
2017-08-19 09:27:51 +0800, SHT71, 30.179996, 68.787399
2017-08-19 09:28:21 +0800, SHT71, 30.189999, 68.880440
2017-08-19 09:28:51 +0800, SHT71, 30.179996, 68.878662
2017-08-19 09:29:22 +0800, SHT71, 30.200001, 68.882225
2017-08-19 09:29:52 +0800, SHT71, 30.219997, 68.855362
2017-08-19 09:30:22 +0800, SHT71, 30.219997, 68.885780
2017-08-19 09:30:52 +0800, SHT71, 30.209995, 68.914421
2017-08-19 09:31:23 +0800, SHT71, 30.209995, 68.975250
2017-08-19 09:31:53 +0800, SHT71, 30.209995, 68.975250
2017-08-19 09:32:23 +0800, SHT71, 30.200001, 69.034271
2017-08-19 09:32:54 +0800, SHT71, 30.200001, 69.064682
2017-08-19 09:33:24 +0800, SHT71, 30.209995, 69.036057
2017-08-19 09:33:54 +0800, SHT71, 30.200001, 69.064682
2017-08-19 09:34:25 +0800, SHT71, 30.219997, 69.129044
2017-08-19 09:34:55 +0800, SHT71, 30.219997, 69.250595
2017-08-19 09:35:25 +0800, SHT71, 30.249996, 69.286339
2017-08-19 09:35:55 +0800, SHT71, 30.249996, 69.286339
2017-08-19 09:36:26 +0800, SHT71, 30.249996, 69.286339
2017-08-19 09:36:56 +0800, SHT71, 30.259998, 69.288132
2017-08-19 09:37:26 +0800, SHT71, 30.240002, 69.375679
2017-08-19 09:37:57 +0800, SHT71, 30.240002, 69.436417
2017-08-19 09:38:27 +0800, SHT71, 30.189999, 69.548859
2017-08-19 09:38:57 +0800, SHT71, 30.200001, 69.581001
2017-08-19 09:39:28 +0800, SHT71, 30.209995, 69.552452
2017-08-19 09:39:58 +0800, SHT71, 30.230000, 69.556046
2017-08-19 09:40:28 +0800, SHT71, 30.219997, 69.554245
2017-08-19 09:40:59 +0800, SHT71, 30.249996, 69.559639
2017-08-19 09:41:29 +0800, SHT71, 30.249996, 69.589989
2017-08-19 09:41:59 +0800, SHT71, 30.270000, 69.623932
2017-08-19 09:42:29 +0800, SHT71, 30.259998, 69.682816
2017-08-19 09:43:00 +0800, SHT71, 30.259998, 69.682816
2017-08-19 09:43:30 +0800, SHT71, 30.279995, 69.686417
2017-08-19 09:44:00 +0800, SHT71, 30.289997, 69.657875
2017-08-19 09:44:31 +0800, SHT71, 30.310001, 69.661476
2017-08-19 09:45:01 +0800, SHT71, 30.279995, 69.716759
2017-08-19 09:45:31 +0800, SHT71, 30.299999, 69.690018
2017-08-19 09:46:02 +0800, SHT71, 30.289997, 69.718559
2017-08-19 09:46:32 +0800, SHT71, 30.299999, 69.690018
2017-08-19 09:47:02 +0800, SHT71, 30.399998, 69.009102
2017-08-19 09:47:32 +0800, SHT71, 30.410000, 68.889153
2017-08-19 09:48:03 +0800, SHT71, 30.369999, 69.095009
2017-08-19 09:48:33 +0800, SHT71, 30.350002, 69.091438
2017-08-19 09:49:03 +0800, SHT71, 30.329998, 69.179085
2017-08-19 09:49:34 +0800, SHT71, 30.319996, 69.268478
2017-08-19 09:50:04 +0800, SHT71, 30.299999, 69.356056
2017-08-19 09:50:34 +0800, SHT71, 30.310001, 69.388222
2017-08-19 09:51:05 +0800, SHT71, 30.329998, 69.391808
2017-08-19 09:51:35 +0800, SHT71, 30.350002, 69.365013
2017-08-19 09:52:05 +0800, SHT71, 30.340000, 69.363220
2017-08-19 09:52:35 +0800, SHT71, 30.340000, 69.363220
2017-08-19 09:53:06 +0800, SHT71, 30.359997, 69.275635
2017-08-19 09:53:36 +0800, SHT71, 30.410000, 68.797829
2017-08-19 09:54:06 +0800, SHT71, 30.380001, 69.035957
2017-08-19 09:54:37 +0800, SHT71, 30.420002, 68.890930
2017-08-19 09:55:07 +0800, SHT71, 30.389996, 69.007317
2017-08-19 09:55:37 +0800, SHT71, 30.420002, 68.951805
2017-08-19 09:56:08 +0800, SHT71, 30.579998, 68.218155
2017-08-19 09:56:38 +0800, SHT71, 30.549999, 68.304428
2017-08-19 09:57:08 +0800, SHT71, 30.469997, 68.625710
2017-08-19 09:57:38 +0800, SHT71, 30.439999, 68.803154
2017-08-19 09:58:09 +0800, SHT71, 30.399998, 68.887375
2017-08-19 09:58:39 +0800, SHT71, 30.389996, 68.946465
2017-08-19 09:59:09 +0800, SHT71, 30.380001, 69.066368
2017-08-19 09:59:40 +0800, SHT71, 30.369999, 69.095009
2017-08-19 10:00:10 +0800, SHT71, 30.380001, 69.096794
2017-08-19 10:00:40 +0800, SHT71, 30.380001, 69.188019
2017-08-19 10:01:11 +0800, SHT71, 30.359997, 69.214844
2017-08-19 10:01:41 +0800, SHT71, 30.359997, 69.306030
2017-08-19 10:02:11 +0800, SHT71, 30.359997, 69.336418
2017-08-19 10:02:41 +0800, SHT71, 30.359997, 69.457939
2017-08-19 10:03:12 +0800, SHT71, 30.359997, 69.549042
2017-08-19 10:03:42 +0800, SHT71, 30.359997, 69.609764
2017-08-19 10:04:12 +0800, SHT71, 30.359997, 69.670471
2017-08-19 10:04:43 +0800, SHT71, 30.359997, 69.761513
2017-08-19 10:05:13 +0800, SHT71, 30.359997, 69.822189
2017-08-19 10:05:43 +0800, SHT71, 30.359997, 69.852516
2017-08-19 10:06:14 +0800, SHT71, 30.359997, 69.882843
2017-08-19 10:06:44 +0800, SHT71, 30.369999, 69.914978
2017-08-19 10:07:14 +0800, SHT71, 30.369999, 69.975624
2017-08-19 10:07:45 +0800, SHT71, 30.369999, 70.036263
2017-08-19 10:08:15 +0800, SHT71, 30.350002, 70.093269
2017-08-19 10:08:45 +0800, SHT71, 30.380001, 70.068382
2017-08-19 10:09:15 +0800, SHT71, 30.380001, 70.068382
2017-08-19 10:09:46 +0800, SHT71, 30.369999, 70.096886
2017-08-19 10:10:16 +0800, SHT71, 30.240002, 70.406425
2017-08-19 10:10:46 +0800, SHT71, 29.740002, 70.889099
2017-08-19 10:11:17 +0800, SHT71, 29.450001, 71.257515
2017-08-19 10:11:47 +0800, SHT71, 29.319996, 71.233521
2017-08-19 10:12:17 +0800, SHT71, 29.100002, 70.922211
2017-08-19 10:12:48 +0800, SHT71, 28.880001, 70.821602
2017-08-19 10:13:18 +0800, SHT71, 28.749996, 70.707489
2017-08-19 10:13:48 +0800, SHT71, 28.639996, 70.356316
2017-08-19 10:14:18 +0800, SHT71, 28.560001, 69.950119
2017-08-19 10:14:49 +0800, SHT71, 28.459995, 69.660614
2017-08-19 10:15:19 +0800, SHT71, 28.359997, 68.978333
2017-08-19 10:15:49 +0800, SHT71, 28.289997, 68.693680
2017-08-19 10:16:20 +0800, SHT71, 28.189999, 68.100700
2017-08-19 10:16:50 +0800, SHT71, 28.119999, 67.572815
2017-08-19 10:17:20 +0800, SHT71, 28.060001, 67.410522
2017-08-19 10:17:51 +0800, SHT71, 28.009998, 66.976448
2017-08-19 10:18:21 +0800, SHT71, 27.880001, 66.528046
2017-08-19 10:18:51 +0800, SHT71, 27.799999, 66.087883
2017-08-19 10:19:21 +0800, SHT71, 27.779995, 65.565933
2017-08-19 10:19:52 +0800, SHT71, 27.779995, 65.229935
2017-08-19 10:20:22 +0800, SHT71, 27.770000, 64.800064
2017-08-19 10:20:52 +0800, SHT71, 27.670002, 64.507713
2017-08-19 10:21:23 +0800, SHT71, 27.609997, 64.375145
2017-08-19 10:21:53 +0800, SHT71, 27.560001, 63.753517
2017-08-19 10:22:23 +0800, SHT71, 27.670002, 63.618179
2017-08-19 10:22:54 +0800, SHT71, 27.630001, 63.211983
2017-08-19 10:23:24 +0800, SHT71, 27.560001, 62.677231
2017-08-19 10:23:54 +0800, SHT71, 27.509998, 62.792267
2017-08-19 10:24:24 +0800, SHT71, 27.450001, 62.166142
2017-08-19 10:24:55 +0800, SHT71, 27.369999, 62.029812
2017-08-19 10:25:25 +0800, SHT71, 27.340000, 61.932404
2017-08-19 10:25:55 +0800, SHT71, 27.259998, 61.703453
2017-08-19 10:26:26 +0800, SHT71, 27.240002, 61.422222
2017-08-19 10:26:56 +0800, SHT71, 27.209995, 61.386517
2017-08-19 10:27:26 +0800, SHT71, 27.219997, 60.862236
2017-08-19 10:27:57 +0800, SHT71, 27.179996, 60.639114
2017-08-19 10:28:27 +0800, SHT71, 27.079998, 60.468430
2017-08-19 10:28:57 +0800, SHT71, 27.060001, 60.279305
2017-08-19 10:29:27 +0800, SHT71, 27.079998, 59.910122
2017-08-19 10:29:58 +0800, SHT71, 27.069996, 59.970650
2017-08-19 10:30:28 +0800, SHT71, 27.020000, 59.683403
2017-08-19 10:30:58 +0800, SHT71, 26.990002, 59.399063
2017-08-19 10:31:29 +0800, SHT71, 26.999996, 59.400608
2017-08-19 10:31:59 +0800, SHT71, 27.340000, 62.549015
2017-08-19 10:32:29 +0800, SHT71, 27.609997, 63.116417
2017-08-19 10:33:00 +0800, SHT71, 27.740002, 63.629745
2017-08-19 10:33:30 +0800, SHT71, 27.799999, 64.069580
2017-08-19 10:34:00 +0800, SHT71, 27.850002, 64.691048
2017-08-19 10:34:31 +0800, SHT71, 27.990002, 65.020782
2017-08-19 10:35:01 +0800, SHT71, 27.980000, 65.783211
2017-08-19 10:35:31 +0800, SHT71, 28.009998, 66.459145
2017-08-19 10:36:01 +0800, SHT71, 28.060001, 66.620041
2017-08-19 10:36:32 +0800, SHT71, 27.859997, 64.631470
2017-08-19 10:37:02 +0800, SHT71, 27.639996, 64.441437
2017-08-19 10:37:32 +0800, SHT71, 27.600002, 64.128288
2017-08-19 10:38:03 +0800, SHT71, 27.549999, 64.273201
2017-08-19 10:38:33 +0800, SHT71, 27.579998, 64.523254
2017-08-19 10:39:03 +0800, SHT71, 27.539997, 64.455307
2017-08-19 10:39:34 +0800, SHT71, 27.539997, 64.332809
2017-08-19 10:40:04 +0800, SHT71, 27.459995, 64.104958
2017-08-19 10:40:34 +0800, SHT71, 27.420002, 64.037003
2017-08-19 10:41:04 +0800, SHT71, 27.480000, 63.954998
2017-08-19 10:41:35 +0800, SHT71, 27.499996, 63.896988
2017-08-19 10:42:05 +0800, SHT71, 27.420002, 63.607563
2017-08-19 10:42:35 +0800, SHT71, 27.399998, 62.989716
2017-08-19 10:43:06 +0800, SHT71, 27.310001, 62.944225
2017-08-19 10:43:36 +0800, SHT71, 27.219997, 62.806473
2017-08-19 10:44:06 +0800, SHT71, 27.219997, 62.313900
2017-08-19 10:44:37 +0800, SHT71, 27.109997, 61.617638
2017-08-19 10:45:07 +0800, SHT71, 27.039997, 61.482922
2017-08-19 10:45:37 +0800, SHT71, 26.980000, 61.040752
2017-08-19 10:46:07 +0800, SHT71, 26.889996, 60.871849
2017-08-19 10:46:38 +0800, SHT71, 26.889996, 60.624321
2017-08-19 10:47:08 +0800, SHT71, 26.899998, 60.502048
2017-08-19 10:47:38 +0800, SHT71, 26.880001, 60.375011
2017-08-19 10:48:09 +0800, SHT71, 26.819996, 60.055676
2017-08-19 10:48:39 +0800, SHT71, 27.049999, 62.778702
2017-08-19 10:49:09 +0800, SHT71, 27.319996, 63.897751
2017-08-19 10:49:40 +0800, SHT71, 27.509998, 64.205238
2017-08-19 10:50:10 +0800, SHT71, 27.630001, 64.531639
2017-08-19 10:50:40 +0800, SHT71, 27.679996, 65.060173
2017-08-19 10:51:10 +0800, SHT71, 27.709995, 65.492966
2017-08-19 10:51:41 +0800, SHT71, 27.759998, 66.020058
2017-08-19 10:52:11 +0800, SHT71, 27.789997, 66.542915
2017-08-19 10:52:41 +0800, SHT71, 27.819996, 66.852226
2017-08-19 10:53:12 +0800, SHT71, 27.859997, 67.041519
2017-08-19 10:53:42 +0800, SHT71, 27.709995, 65.126396
2017-08-19 10:54:12 +0800, SHT71, 27.499996, 64.754616
2017-08-19 10:54:43 +0800, SHT71, 27.259998, 64.561356
2017-08-19 10:55:13 +0800, SHT71, 27.240002, 64.068298
2017-08-19 10:55:43 +0800, SHT71, 27.119999, 63.557953
2017-08-19 10:56:13 +0800, SHT71, 26.980000, 63.197334
2017-08-19 10:56:44 +0800, SHT71, 26.969997, 62.765633
2017-08-19 10:57:14 +0800, SHT71, 26.950001, 62.454823
2017-08-19 10:57:44 +0800, SHT71, 26.889996, 62.075645
2017-08-19 10:58:15 +0800, SHT71, 26.899998, 61.954010
2017-08-19 10:58:45 +0800, SHT71, 26.999996, 63.752670
2017-08-19 10:59:15 +0800, SHT71, 27.219997, 64.401703
2017-08-19 10:59:46 +0800, SHT71, 27.399998, 63.911045
2017-08-19 11:00:16 +0800, SHT71, 27.619999, 63.025742
2017-08-19 11:00:46 +0800, SHT71, 27.759998, 62.586494
2017-08-19 11:01:16 +0800, SHT71, 27.850002, 62.323410
2017-08-19 11:01:47 +0800, SHT71, 27.950001, 61.721367
2017-08-19 11:02:17 +0800, SHT71, 28.020000, 61.236988
2017-08-19 11:02:47 +0800, SHT71, 28.079998, 61.153496
2017-08-19 11:03:18 +0800, SHT71, 28.139996, 60.945808
2017-08-19 11:03:48 +0800, SHT71, 28.189999, 60.767387
2017-08-19 11:04:18 +0800, SHT71, 28.230000, 60.742630
2017-08-19 11:04:49 +0800, SHT71, 28.279995, 60.843719
2017-08-19 11:05:19 +0800, SHT71, 28.310001, 60.817383
2017-08-19 11:05:49 +0800, SHT71, 28.359997, 60.856346
2017-08-19 11:06:20 +0800, SHT71, 28.389996, 60.767845
2017-08-19 11:06:50 +0800, SHT71, 28.429996, 60.743057
2017-08-19 11:07:20 +0800, SHT71, 28.459995, 60.685585
2017-08-19 11:07:50 +0800, SHT71, 28.490002, 60.659210
2017-08-19 11:08:21 +0800, SHT71, 28.520000, 60.570591
2017-08-19 11:08:51 +0800, SHT71, 28.539997, 60.604847
2017-08-19 11:09:21 +0800, SHT71, 28.560001, 60.576874
2017-08-19 11:09:52 +0800, SHT71, 28.579998, 60.517761
2017-08-19 11:10:22 +0800, SHT71, 28.609997, 60.522469
2017-08-19 11:10:52 +0800, SHT71, 28.609997, 60.522469
2017-08-19 11:11:23 +0800, SHT71, 28.639996, 60.496044
2017-08-19 11:11:53 +0800, SHT71, 28.639996, 60.558311
2017-08-19 11:12:23 +0800, SHT71, 28.660000, 60.592579
2017-08-19 11:12:53 +0800, SHT71, 28.660000, 60.405754
2017-08-19 11:13:24 +0800, SHT71, 28.679996, 60.595718
2017-08-19 11:13:54 +0800, SHT71, 28.679996, 60.284267
2017-08-19 11:14:24 +0800, SHT71, 28.679996, 60.377739
2017-08-19 11:14:55 +0800, SHT71, 28.700001, 60.412018
2017-08-19 11:15:25 +0800, SHT71, 28.709995, 60.475876
2017-08-19 11:15:55 +0800, SHT71, 28.709995, 60.475876
2017-08-19 11:16:26 +0800, SHT71, 28.709995, 60.351269
2017-08-19 11:16:56 +0800, SHT71, 28.709995, 60.226620
2017-08-19 11:17:26 +0800, SHT71, 28.740002, 60.231304
2017-08-19 11:17:56 +0800, SHT71, 28.719997, 60.134651
2017-08-19 11:18:27 +0800, SHT71, 28.730000, 60.136211
2017-08-19 11:18:57 +0800, SHT71, 28.719997, 60.072281
2017-08-19 11:19:27 +0800, SHT71, 28.719997, 60.103474
2017-08-19 11:19:58 +0800, SHT71, 28.730000, 59.980267
2017-08-19 11:20:28 +0800, SHT71, 28.719997, 59.760258
2017-08-19 11:20:58 +0800, SHT71, 28.730000, 59.668137
2017-08-19 11:21:29 +0800, SHT71, 28.770000, 59.549362
2017-08-19 11:21:59 +0800, SHT71, 28.740002, 59.388485
2017-08-19 11:22:29 +0800, SHT71, 28.749996, 59.171124
2017-08-19 11:22:59 +0800, SHT71, 28.740002, 58.919250
2017-08-19 11:23:30 +0800, SHT71, 28.730000, 58.729832
2017-08-19 11:24:00 +0800, SHT71, 28.730000, 58.573166
2017-08-19 11:24:30 +0800, SHT71, 28.730000, 58.447777
2017-08-19 11:25:01 +0800, SHT71, 28.759998, 58.295502
2017-08-19 11:25:31 +0800, SHT71, 28.740002, 58.010017
2017-08-19 11:26:01 +0800, SHT71, 28.730000, 57.694366
2017-08-19 11:26:32 +0800, SHT71, 28.730000, 57.788643
2017-08-19 11:27:02 +0800, SHT71, 28.759998, 57.698856
2017-08-19 11:27:32 +0800, SHT71, 28.749996, 57.634491
2017-08-19 11:28:02 +0800, SHT71, 28.749996, 57.603054
2017-08-19 11:28:33 +0800, SHT71, 28.749996, 57.477261
2017-08-19 11:29:03 +0800, SHT71, 28.770000, 57.511696
2017-08-19 11:29:33 +0800, SHT71, 28.759998, 57.604546
2017-08-19 11:30:04 +0800, SHT71, 28.779995, 57.418812
2017-08-19 11:30:34 +0800, SHT71, 28.789997, 57.388840
2017-08-19 11:31:04 +0800, SHT71, 28.779995, 57.167007
2017-08-19 11:31:35 +0800, SHT71, 28.789997, 57.325897
2017-08-19 11:32:05 +0800, SHT71, 28.789997, 57.262947
2017-08-19 11:32:35 +0800, SHT71, 28.810001, 57.297394
2017-08-19 11:33:06 +0800, SHT71, 28.779995, 56.978024
2017-08-19 11:33:36 +0800, SHT71, 28.789997, 56.916473
2017-08-19 11:34:06 +0800, SHT71, 28.779995, 56.914997
2017-08-19 11:34:36 +0800, SHT71, 28.810001, 57.045467
2017-08-19 11:35:07 +0800, SHT71, 28.810001, 56.667194
2017-08-19 11:35:37 +0800, SHT71, 28.819996, 56.542469
2017-08-19 11:36:07 +0800, SHT71, 28.789997, 56.285545
2017-08-19 11:36:38 +0800, SHT71, 28.779995, 56.284084
2017-08-19 11:37:08 +0800, SHT71, 28.810001, 56.572556
2017-08-19 11:37:38 +0800, SHT71, 28.799999, 55.907825
2017-08-19 11:38:09 +0800, SHT71, 28.799999, 55.591488
2017-08-19 11:38:39 +0800, SHT71, 28.779995, 55.556953
2017-08-19 11:39:09 +0800, SHT71, 28.759998, 55.142357
2017-08-19 11:39:39 +0800, SHT71, 28.709995, 54.913311
2017-08-19 11:40:10 +0800, SHT71, 28.749996, 54.887302
2017-08-19 11:40:40 +0800, SHT71, 28.730000, 54.694111
2017-08-19 11:41:10 +0800, SHT71, 28.709995, 54.691273
2017-08-19 11:41:41 +0800, SHT71, 28.679996, 54.433071
2017-08-19 11:42:11 +0800, SHT71, 28.670002, 54.368149
2017-08-19 11:42:41 +0800, SHT71, 28.700001, 54.689850
2017-08-19 11:43:12 +0800, SHT71, 28.719997, 54.819595
2017-08-19 11:43:42 +0800, SHT71, 28.730000, 54.757572
2017-08-19 11:44:12 +0800, SHT71, 28.759998, 54.571404
2017-08-19 11:44:42 +0800, SHT71, 28.779995, 54.605980
2017-08-19 11:45:13 +0800, SHT71, 28.789997, 54.670891
2017-08-19 11:45:43 +0800, SHT71, 28.819996, 54.833828
2017-08-19 11:46:13 +0800, SHT71, 28.829998, 54.613071
2017-08-19 11:46:44 +0800, SHT71, 28.819996, 54.166840
2017-08-19 11:47:14 +0800, SHT71, 28.840000, 54.233242
2017-08-19 11:47:44 +0800, SHT71, 28.819996, 54.007828
2017-08-19 11:48:15 +0800, SHT71, 28.850002, 54.043850
2017-08-19 11:48:45 +0800, SHT71, 28.850002, 54.171062
2017-08-19 11:49:15 +0800, SHT71, 28.859997, 53.758827
2017-08-19 11:49:45 +0800, SHT71, 28.850002, 53.661900
2017-08-19 11:50:16 +0800, SHT71, 28.859997, 53.726986
2017-08-19 11:50:46 +0800, SHT71, 28.869999, 53.632835
2017-08-19 11:51:16 +0800, SHT71, 28.859997, 53.344643
2017-08-19 11:51:47 +0800, SHT71, 28.850002, 53.279495
2017-08-19 11:52:17 +0800, SHT71, 28.850002, 53.375137
2017-08-19 11:52:47 +0800, SHT71, 28.850002, 53.120018
2017-08-19 11:53:18 +0800, SHT71, 28.850002, 53.088116
2017-08-19 11:53:48 +0800, SHT71, 28.840000, 52.895252
2017-08-19 11:54:18 +0800, SHT71, 28.810001, 52.763416
2017-08-19 11:54:48 +0800, SHT71, 28.859997, 52.866074
2017-08-19 11:55:19 +0800, SHT71, 28.829998, 52.606438
2017-08-19 11:55:49 +0800, SHT71, 28.840000, 52.607807
2017-08-19 11:56:19 +0800, SHT71, 28.829998, 52.510567
2017-08-19 11:56:50 +0800, SHT71, 28.810001, 52.316025
2017-08-19 11:57:20 +0800, SHT71, 28.829998, 52.350723
2017-08-19 11:57:50 +0800, SHT71, 28.850002, 52.417393
2017-08-19 11:58:21 +0800, SHT71, 28.859997, 52.258850
2017-08-19 11:58:51 +0800, SHT71, 28.859997, 52.226856
2017-08-19 11:59:21 +0800, SHT71, 28.869999, 52.100216
2017-08-19 11:59:51 +0800, SHT71, 28.850002, 51.873402
2017-08-19 12:00:22 +0800, SHT71, 28.840000, 51.872055
2017-08-19 12:00:52 +0800, SHT71, 28.840000, 51.615738
2017-08-19 12:01:22 +0800, SHT71, 28.850002, 51.649136
2017-08-19 12:01:53 +0800, SHT71, 28.850002, 51.392635
2017-08-19 12:02:23 +0800, SHT71, 28.850002, 51.392635
2017-08-19 12:02:53 +0800, SHT71, 28.840000, 51.327148
2017-08-19 12:03:24 +0800, SHT71, 28.840000, 51.134605
2017-08-19 12:03:54 +0800, SHT71, 28.859997, 51.169369
2017-08-19 12:04:24 +0800, SHT71, 28.840000, 50.974068
2017-08-19 12:04:55 +0800, SHT71, 28.869999, 51.010166
2017-08-19 12:05:25 +0800, SHT71, 28.880001, 50.915134
2017-08-19 12:05:55 +0800, SHT71, 28.869999, 50.849552
2017-08-19 12:06:25 +0800, SHT71, 28.859997, 50.558933
2017-08-19 12:06:56 +0800, SHT71, 28.850002, 50.525459
2017-08-19 12:07:26 +0800, SHT71, 28.840000, 50.459812
2017-08-19 12:07:56 +0800, SHT71, 28.840000, 50.395477
2017-08-19 12:08:27 +0800, SHT71, 28.829998, 50.233265
2017-08-19 12:08:57 +0800, SHT71, 28.840000, 50.009174
2017-08-19 12:09:27 +0800, SHT71, 28.819996, 49.909927
2017-08-19 12:09:58 +0800, SHT71, 28.859997, 49.915127
2017-08-19 12:10:28 +0800, SHT71, 28.829998, 49.814548
2017-08-19 12:10:58 +0800, SHT71, 28.850002, 49.720440
2017-08-19 12:11:28 +0800, SHT71, 28.840000, 49.622414
2017-08-19 12:11:59 +0800, SHT71, 28.819996, 49.458542
2017-08-19 12:12:29 +0800, SHT71, 28.819996, 49.555321
2017-08-19 12:12:59 +0800, SHT71, 28.819996, 49.426281
2017-08-19 12:13:30 +0800, SHT71, 28.840000, 49.267475
2017-08-19 12:14:00 +0800, SHT71, 28.799999, 49.133186
2017-08-19 12:14:30 +0800, SHT71, 28.829998, 49.233902
2017-08-19 12:15:01 +0800, SHT71, 28.819996, 49.006538
2017-08-19 12:15:31 +0800, SHT71, 28.810001, 48.908325
2017-08-19 12:16:01 +0800, SHT71, 28.819996, 48.909599
2017-08-19 12:16:31 +0800, SHT71, 28.819996, 48.909599
2017-08-19 12:17:02 +0800, SHT71, 28.840000, 48.847504
2017-08-19 12:17:32 +0800, SHT71, 28.840000, 48.718178
2017-08-19 12:18:02 +0800, SHT71, 28.829998, 48.619877
2017-08-19 12:18:33 +0800, SHT71, 28.819996, 48.392101
2017-08-19 12:19:03 +0800, SHT71, 28.799999, 48.421940
2017-08-19 12:19:33 +0800, SHT71, 28.789997, 48.355946
2017-08-19 12:20:04 +0800, SHT71, 28.799999, 48.292465
2017-08-19 12:20:34 +0800, SHT71, 28.819996, 48.165443
2017-08-19 12:21:04 +0800, SHT71, 28.799999, 48.098141
2017-08-19 12:21:34 +0800, SHT71, 28.810001, 47.969784
2017-08-19 12:22:05 +0800, SHT71, 28.829998, 48.004692
2017-08-19 12:22:35 +0800, SHT71, 28.799999, 47.838871
2017-08-19 12:23:05 +0800, SHT71, 28.799999, 47.871292
2017-08-19 12:23:36 +0800, SHT71, 28.779995, 47.641792
2017-08-19 12:24:06 +0800, SHT71, 28.779995, 47.771526
2017-08-19 12:24:36 +0800, SHT71, 28.779995, 47.706665
2017-08-19 12:25:07 +0800, SHT71, 28.789997, 47.545704
2017-08-19 12:25:37 +0800, SHT71, 28.779995, 47.544464
2017-08-19 12:26:07 +0800, SHT71, 28.779995, 47.512009
2017-08-19 12:26:37 +0800, SHT71, 28.789997, 47.350948
2017-08-19 12:27:08 +0800, SHT71, 28.770000, 47.218582
2017-08-19 12:27:38 +0800, SHT71, 28.759998, 47.249825
2017-08-19 12:28:08 +0800, SHT71, 28.799999, 47.611839
2017-08-19 12:28:39 +0800, SHT71, 28.799999, 47.579395
2017-08-19 12:29:09 +0800, SHT71, 28.779995, 47.382175
2017-08-19 12:29:39 +0800, SHT71, 28.779995, 47.349712
2017-08-19 12:30:10 +0800, SHT71, 28.799999, 47.319714
2017-08-19 12:30:40 +0800, SHT71, 28.779995, 47.252293
2017-08-19 12:31:10 +0800, SHT71, 28.789997, 47.188564
2017-08-19 12:31:40 +0800, SHT71, 28.789997, 47.123589
2017-08-19 12:32:11 +0800, SHT71, 28.779995, 47.122356
2017-08-19 12:32:41 +0800, SHT71, 28.770000, 47.316006
2017-08-19 12:33:11 +0800, SHT71, 28.779995, 47.187332
2017-08-19 12:33:42 +0800, SHT71, 28.789997, 47.286003
2017-08-19 12:34:12 +0800, SHT71, 28.789997, 47.350948
2017-08-19 12:34:42 +0800, SHT71, 28.819996, 47.289711
2017-08-19 12:35:13 +0800, SHT71, 28.799999, 47.222282
2017-08-19 12:35:43 +0800, SHT71, 28.779995, 47.154846
2017-08-19 12:36:13 +0800, SHT71, 28.779995, 47.122356
2017-08-19 12:36:44 +0800, SHT71, 28.779995, 47.219814
2017-08-19 12:37:14 +0800, SHT71, 28.779995, 47.057369
2017-08-19 12:37:44 +0800, SHT71, 28.789997, 47.123589
2017-08-19 12:38:14 +0800, SHT71, 28.799999, 47.189796
2017-08-19 12:38:45 +0800, SHT71, 28.810001, 47.061062
2017-08-19 12:39:15 +0800, SHT71, 28.810001, 47.191029
2017-08-19 12:39:45 +0800, SHT71, 28.799999, 47.514492
2017-08-19 12:40:16 +0800, SHT71, 28.819996, 47.452057
2017-08-19 12:40:46 +0800, SHT71, 28.799999, 47.254761
2017-08-19 12:41:16 +0800, SHT71, 28.799999, 47.254761
2017-08-19 12:41:47 +0800, SHT71, 28.759998, 47.217346
2017-08-19 12:42:17 +0800, SHT71, 28.789997, 47.253529
2017-08-19 12:42:47 +0800, SHT71, 28.799999, 47.189796
2017-08-19 12:43:17 +0800, SHT71, 28.779995, 47.057369
2017-08-19 12:43:48 +0800, SHT71, 28.770000, 47.056141
2017-08-19 12:44:18 +0800, SHT71, 28.799999, 47.124821
2017-08-19 12:44:48 +0800, SHT71, 28.779995, 46.862335
2017-08-19 12:45:19 +0800, SHT71, 28.779995, 46.764771
2017-08-19 12:45:49 +0800, SHT71, 28.789997, 46.798515
2017-08-19 12:46:19 +0800, SHT71, 28.799999, 46.767216
2017-08-19 12:46:50 +0800, SHT71, 28.779995, 46.602104
2017-08-19 12:47:20 +0800, SHT71, 28.770000, 46.470695
2017-08-19 12:47:50 +0800, SHT71, 28.770000, 46.373024
2017-08-19 12:48:20 +0800, SHT71, 28.779995, 46.374237
2017-08-19 12:48:51 +0800, SHT71, 28.759998, 46.404373
2017-08-19 12:49:21 +0800, SHT71, 28.779995, 46.374237
2017-08-19 12:49:51 +0800, SHT71, 28.770000, 46.340462
2017-08-19 12:50:22 +0800, SHT71, 28.740002, 46.206543
2017-08-19 12:50:52 +0800, SHT71, 28.759998, 46.176380
2017-08-19 12:51:22 +0800, SHT71, 28.759998, 46.143795
2017-08-19 12:51:53 +0800, SHT71, 28.759998, 46.143795
2017-08-19 12:52:23 +0800, SHT71, 28.759998, 46.046028
2017-08-19 12:52:53 +0800, SHT71, 28.730000, 45.944622
2017-08-19 12:53:23 +0800, SHT71, 28.730000, 45.977226
2017-08-19 12:53:54 +0800, SHT71, 28.740002, 45.945827
2017-08-19 12:54:24 +0800, SHT71, 28.749996, 45.947029
2017-08-19 12:54:54 +0800, SHT71, 28.740002, 45.815399
2017-08-19 12:55:25 +0800, SHT71, 28.749996, 45.751354
2017-08-19 12:55:55 +0800, SHT71, 28.759998, 45.785175
2017-08-19 12:56:25 +0800, SHT71, 28.779995, 45.722324
2017-08-19 12:56:56 +0800, SHT71, 28.759998, 45.752552
2017-08-19 12:57:26 +0800, SHT71, 28.770000, 45.818996
2017-08-19 12:57:56 +0800, SHT71, 28.759998, 45.622036
2017-08-19 12:58:26 +0800, SHT71, 28.779995, 45.722324
2017-08-19 12:58:57 +0800, SHT71, 28.749996, 45.588207
2017-08-19 12:59:27 +0800, SHT71, 28.759998, 45.622036
2017-08-19 12:59:57 +0800, SHT71, 28.759998, 45.622036
2017-08-19 13:00:28 +0800, SHT71, 28.759998, 45.589397
2017-08-19 13:00:58 +0800, SHT71, 28.749996, 45.457630
2017-08-19 13:01:28 +0800, SHT71, 28.740002, 45.423786
2017-08-19 13:01:59 +0800, SHT71, 28.759998, 45.491470
2017-08-19 13:02:29 +0800, SHT71, 28.759998, 45.328190
2017-08-19 13:02:59 +0800, SHT71, 28.759998, 45.360851
2017-08-19 13:03:30 +0800, SHT71, 28.740002, 45.293152
2017-08-19 13:04:00 +0800, SHT71, 28.749996, 45.228992
2017-08-19 13:04:30 +0800, SHT71, 28.740002, 45.129780
2017-08-19 13:05:00 +0800, SHT71, 28.740002, 45.064411
2017-08-19 13:05:31 +0800, SHT71, 28.749996, 45.098282
2017-08-19 13:06:01 +0800, SHT71, 28.759998, 45.132145
2017-08-19 13:06:31 +0800, SHT71, 28.749996, 45.098282
2017-08-19 13:07:02 +0800, SHT71, 28.759998, 45.034081
2017-08-19 13:07:32 +0800, SHT71, 28.759998, 44.968689
2017-08-19 13:08:02 +0800, SHT71, 28.740002, 45.064411
2017-08-19 13:08:33 +0800, SHT71, 28.759998, 44.870579
2017-08-19 13:09:03 +0800, SHT71, 28.759998, 44.805149
2017-08-19 13:09:33 +0800, SHT71, 28.749996, 44.869400
2017-08-19 13:10:03 +0800, SHT71, 28.719997, 44.898575
2017-08-19 13:10:34 +0800, SHT71, 28.719997, 44.735027
2017-08-19 13:11:04 +0800, SHT71, 28.740002, 44.868225
2017-08-19 13:11:34 +0800, SHT71, 28.730000, 44.703476
2017-08-19 13:12:05 +0800, SHT71, 28.740002, 44.737373
2017-08-19 13:12:35 +0800, SHT71, 28.730000, 44.638023
2017-08-19 13:13:05 +0800, SHT71, 28.740002, 44.671925
2017-08-19 13:13:36 +0800, SHT71, 28.719997, 44.636852
2017-08-19 13:14:06 +0800, SHT71, 28.719997, 44.604122
2017-08-19 13:14:36 +0800, SHT71, 28.700001, 44.569057
2017-08-19 13:15:06 +0800, SHT71, 28.719997, 44.636852
2017-08-19 13:15:37 +0800, SHT71, 28.709995, 44.439266
2017-08-19 13:16:07 +0800, SHT71, 28.719997, 44.505913
2017-08-19 13:16:37 +0800, SHT71, 28.709995, 44.439266
2017-08-19 13:17:08 +0800, SHT71, 28.709995, 44.406513
2017-08-19 13:17:38 +0800, SHT71, 28.709995, 44.373760
2017-08-19 13:18:08 +0800, SHT71, 28.719997, 44.374924
2017-08-19 13:18:39 +0800, SHT71, 28.719997, 44.211121
2017-08-19 13:19:09 +0800, SHT71, 28.730000, 44.376091
2017-08-19 13:19:39 +0800, SHT71, 28.730000, 44.245052
2017-08-19 13:20:09 +0800, SHT71, 28.740002, 44.278973
2017-08-19 13:20:40 +0800, SHT71, 28.719997, 44.112797
2017-08-19 13:21:10 +0800, SHT71, 28.719997, 44.178345
2017-08-19 13:21:40 +0800, SHT71, 28.709995, 44.177185
2017-08-19 13:22:11 +0800, SHT71, 28.689999, 44.109325
2017-08-19 13:22:41 +0800, SHT71, 28.719997, 44.243889
2017-08-19 13:23:11 +0800, SHT71, 28.709995, 44.144421
2017-08-19 13:23:42 +0800, SHT71, 28.709995, 44.177185
2017-08-19 13:24:12 +0800, SHT71, 28.230000, 46.665058
2017-08-19 13:24:42 +0800, SHT71, 27.799999, 47.875656
2017-08-19 13:25:12 +0800, SHT71, 27.420002, 49.117313
2017-08-19 13:25:43 +0800, SHT71, 27.289997, 49.486271
2017-08-19 13:26:13 +0800, SHT71, 27.060001, 49.969700
2017-08-19 13:26:43 +0800, SHT71, 26.920002, 50.687439
2017-08-19 13:27:14 +0800, SHT71, 26.920002, 51.134632
2017-08-19 13:27:44 +0800, SHT71, 26.859997, 51.254253
2017-08-19 13:28:14 +0800, SHT71, 26.880001, 51.320732
2017-08-19 13:28:45 +0800, SHT71, 27.049999, 53.252491
2017-08-19 13:29:15 +0800, SHT71, 27.249996, 54.230927
2017-08-19 13:29:45 +0800, SHT71, 27.429996, 55.015171
2017-08-19 13:30:15 +0800, SHT71, 27.549999, 55.316525
2017-08-19 13:30:46 +0800, SHT71, 27.660000, 55.237648
2017-08-19 13:31:16 +0800, SHT71, 27.719997, 55.498829
2017-08-19 13:31:46 +0800, SHT71, 27.819996, 55.671055
2017-08-19 13:32:17 +0800, SHT71, 27.859997, 55.708393
2017-08-19 13:32:47 +0800, SHT71, 27.920002, 55.937885
2017-08-19 13:33:17 +0800, SHT71, 27.990002, 55.790344
2017-08-19 13:33:48 +0800, SHT71, 28.060001, 55.642662
2017-08-19 13:34:18 +0800, SHT71, 28.119999, 55.430206
2017-08-19 13:34:48 +0800, SHT71, 28.200001, 55.536541
2017-08-19 13:35:19 +0800, SHT71, 28.189999, 55.092422
2017-08-19 13:35:49 +0800, SHT71, 28.209995, 55.190205
2017-08-19 13:36:19 +0800, SHT71, 28.119999, 55.114033
2017-08-19 13:36:49 +0800, SHT71, 27.980000, 55.125595
2017-08-19 13:37:20 +0800, SHT71, 27.779995, 55.507492
2017-08-19 13:37:50 +0800, SHT71, 27.549999, 55.947067
2017-08-19 13:38:20 +0800, SHT71, 27.469997, 56.155766
2017-08-19 13:38:51 +0800, SHT71, 27.439999, 56.182846
2017-08-19 13:39:21 +0800, SHT71, 27.369999, 56.392715
2017-08-19 13:39:51 +0800, SHT71, 27.340000, 56.451164
2017-08-19 13:40:22 +0800, SHT71, 27.329998, 56.512535
2017-08-19 13:40:52 +0800, SHT71, 27.299999, 56.633755
2017-08-19 13:41:22 +0800, SHT71, 27.299999, 56.665154
2017-08-19 13:41:52 +0800, SHT71, 27.289997, 56.663681
2017-08-19 13:42:23 +0800, SHT71, 27.299999, 57.386482
2017-08-19 13:42:53 +0800, SHT71, 27.499996, 57.823521
2017-08-19 13:43:23 +0800, SHT71, 27.740002, 56.981434
2017-08-19 13:43:54 +0800, SHT71, 27.969997, 56.354843
2017-08-19 13:44:24 +0800, SHT71, 28.130001, 55.999977
2017-08-19 13:44:54 +0800, SHT71, 28.240002, 55.826603
2017-08-19 13:45:25 +0800, SHT71, 28.310001, 55.584023
2017-08-19 13:45:55 +0800, SHT71, 28.319996, 55.585468
2017-08-19 13:46:25 +0800, SHT71, 28.149998, 55.592510
2017-08-19 13:46:55 +0800, SHT71, 27.950001, 55.910713
2017-08-19 13:47:26 +0800, SHT71, 27.740002, 56.384098
2017-08-19 13:47:56 +0800, SHT71, 27.619999, 56.743782
2017-08-19 13:48:26 +0800, SHT71, 27.480000, 57.068436
2017-08-19 13:48:57 +0800, SHT71, 27.429996, 57.343220
2017-08-19 13:49:27 +0800, SHT71, 27.340000, 57.580364
2017-08-19 13:49:57 +0800, SHT71, 27.350002, 57.675781
2017-08-19 13:50:28 +0800, SHT71, 27.279995, 58.134338
2017-08-19 13:50:58 +0800, SHT71, 27.270000, 58.226559
2017-08-19 13:51:28 +0800, SHT71, 27.259998, 58.256275
2017-08-19 13:51:58 +0800, SHT71, 27.209995, 58.217464
2017-08-19 13:52:29 +0800, SHT71, 27.189999, 58.339333
2017-08-19 13:52:59 +0800, SHT71, 27.219997, 58.281437
2017-08-19 13:53:29 +0800, SHT71, 27.219997, 58.343887
2017-08-19 13:54:00 +0800, SHT71, 27.240002, 58.222012
2017-08-19 13:54:30 +0800, SHT71, 27.189999, 58.464172
2017-08-19 13:55:00 +0800, SHT71, 27.179996, 58.556244
2017-08-19 13:55:31 +0800, SHT71, 27.189999, 58.620159
2017-08-19 13:56:01 +0800, SHT71, 27.219997, 58.562344
2017-08-19 13:56:31 +0800, SHT71, 27.200001, 58.684059
2017-08-19 13:57:01 +0800, SHT71, 27.249996, 58.629311
2017-08-19 13:57:32 +0800, SHT71, 27.279995, 58.602692
2017-08-19 13:58:02 +0800, SHT71, 27.259998, 58.693222
2017-08-19 13:58:32 +0800, SHT71, 27.289997, 58.510605
2017-08-19 13:59:03 +0800, SHT71, 27.249996, 58.754055
2017-08-19 13:59:33 +0800, SHT71, 27.240002, 58.658978
